gene	num_common_functional	total_coding_variants
A1BG	3	1072
A1CF	2	991
A2M	7	2237
A2ML1	15	2537
A3GALT2	6	889
A4GALT	3	802
A4GNT	5	554
AAAS	0	999
AACS	3	1296
AADAC	1	661
AADACL2	1	697
AADACL3	6	743
AADACL4	2	745
AADAT	1	595
AAGAB	2	630
AAK1	3	905
AAMP	1	652
AANAT	2	516
AAR2	2	653
AARD	3	324
AARS1	7	1787
AARS2	9	1758
AARSD1	0	716
AASDH	13	1714
AASDHPPT	0	519
AASS	3	1230
AATF	1	378
ABAT	2	1004
ABCA1	11	3484
ABCA10	14	2505
ABCA12	19	4089
ABCA13	35	5429
ABCA2	8	4482
ABCA3	10	3359
ABCA4	26	4193
ABCA5	10	2530
ABCA6	9	2789
ABCA7	19	5161
ABCA8	15	2704
ABCA9	13	2676
ABCB1	10	1962
ABCB10	4	1211
ABCB11	1	776
ABCB4	5	1864
ABCB5	13	1886
ABCB6	10	1653
ABCB8	9	1457
ABCB9	3	1429
ABCC1	9	2888
ABCC10	10	2583
ABCC11	18	2442
ABCC12	17	2465
ABCC2	12	2002
ABCC3	15	2763
ABCC4	6	1305
ABCC5	2	1991
ABCC6	11	2179
ABCC8	3	2727
ABCC9	1	1891
ABCD2	2	1077
ABCD3	1	872
ABCD4	10	1168
ABCE1	0	552
ABCF1	1	1191
ABCF2	2	880
ABCF2-H2BK1	3	903
ABCF3	4	668
ABCG1	0	1177
ABCG2	5	1164
ABCG4	1	236
ABCG5	5	992
ABCG8	8	1672
ABHD1	0	27
ABHD10	3	527
ABHD11	1	579
ABHD12	1	722
ABHD12B	2	519
ABHD13	0	442
ABHD14A	5	486
ABHD14B	0	162
ABHD15	3	372
ABHD16A	2	492
ABHD17B	0	361
ABHD17C	0	528
ABHD18	3	627
ABHD2	0	645
ABHD3	1	736
ABHD4	0	237
ABHD5	0	116
ABHD6	0	565
ABHD8	3	859
ABI1	0	665
ABI2	0	136
ABI3	4	738
ABI3BP	7	1587
ABITRAM	1	156
ABL1	4	1850
ABL2	5	1749
ABLIM1	2	1027
ABLIM2	1	1215
ABLIM3	4	1178
ABR	3	1472
ABRA	2	725
ABRACL	0	139
ABRAXAS1	1	347
ABRAXAS2	0	641
ABT1	1	619
ABTB1	3	994
ABTB2	5	1960
ABTB3	6	1993
ACAA1	3	628
ACAA2	3	651
ACACA	1	2321
ACACB	14	4287
ACAD10	10	1894
ACAD11	5	1206
ACAD8	2	742
ACAD9	4	1160
ACADL	4	712
ACADM	2	765
ACADS	2	805
ACADSB	3	762
ACADVL	0	2
ACAN	37	3736
ACAP1	3	1168
ACAP2	1	1002
ACAP3	1	685
ACAT1	1	686
ACAT2	0	272
ACBD3	1	850
ACBD4	1	603
ACBD5	3	845
ACBD6	0	485
ACBD7	1	165
ACCS	4	899
ACCSL	5	961
ACD	3	853
ACE	7	1955
ACER1	4	517
ACER2	1	428
ACER3	1	126
ACHE	6	1027
ACIN1	7	2072
ACKR1	6	674
ACKR2	5	696
ACKR3	3	618
ACKR5	1	749
ACLY	3	1452
ACMSD	0	614
ACO1	5	1430
ACO2	1	1111
ACOD1	5	748
ACOT11	10	788
ACOT12	4	1052
ACOT13	1	237
ACOT4	4	844
ACOT7	0	645
ACOT8	2	572
ACOX1	3	985
ACOX2	1	1231
ACOX3	5	1429
ACOXL	10	981
ACP1	0	203
ACP2	2	485
ACP3	0	755
ACP4	4	957
ACP5	5	542
ACP6	2	368
ACP7	3	887
ACR	0	313
ACRBP	0	930
ACRV1	2	374
ACSBG1	4	1277
ACSBG2	2	209
ACSF2	2	120
ACSF3	6	1459
ACSL1	2	1118
ACSL3	1	1041
ACSL5	2	1158
ACSL6	0	1154
ACSM1	5	1054
ACSM3	7	951
ACSM4	4	952
ACSM6	2	228
ACSS1	5	1226
ACSS2	4	1151
ACSS3	2	1214
ACTA1	0	398
ACTA2	0	413
ACTBL2	6	738
ACTC1	0	338
ACTG2	0	439
ACTL6A	1	347
ACTL6B	1	639
ACTL7A	5	860
ACTL7B	3	898
ACTL8	4	625
ACTL9	4	904
ACTN1	2	1214
ACTN2	3	1482
ACTN3	3	689
ACTN4	2	1108
ACTR10	0	683
ACTR1A	0	349
ACTR1B	4	725
ACTR2	0	296
ACTR3	0	468
ACTR3B	0	180
ACTR5	4	1190
ACTR6	0	534
ACTR8	2	847
ACTRT2	4	775
ACTRT3	4	654
ACVR1	1	724
ACVR1B	0	630
ACVR1C	3	730
ACVR2A	0	528
ACVR2B	0	810
ACVRL1	1	772
ACY1	1	309
ACY3	4	628
ACYP1	0	140
ADA	1	368
ADA2	3	895
ADAD1	1	861
ADAD2	9	1939
ADAM10	1	948
ADAM11	1	1216
ADAM12	6	1447
ADAM15	6	1345
ADAM17	4	1177
ADAM18	10	1399
ADAM19	12	1625
ADAM2	4	1384
ADAM20	3	1224
ADAM22	6	1388
ADAM23	4	1286
ADAM28	12	1482
ADAM29	4	1383
ADAM30	5	1394
ADAM32	4	1267
ADAM33	8	1670
ADAM7	5	1437
ADAM8	4	1344
ADAM9	3	937
ADAMDEC1	7	883
ADAMTS1	7	1819
ADAMTS10	7	1828
ADAMTS12	10	2625
ADAMTS13	15	2112
ADAMTS14	16	2385
ADAMTS15	8	2000
ADAMTS16	13	2383
ADAMTS17	7	2496
ADAMTS18	17	3010
ADAMTS19	6	2122
ADAMTS2	10	2185
ADAMTS20	9	3459
ADAMTS3	7	2042
ADAMTS5	10	1801
ADAMTS6	3	410
ADAMTS8	9	1813
ADAMTS9	8	3460
ADAMTSL1	15	3633
ADAMTSL2	8	1847
ADAMTSL3	16	2898
ADAMTSL4	11	2130
ADAMTSL5	5	1130
ADAP1	1	898
ADAP2	0	652
ADAR	2	1408
ADARB1	1	1016
ADARB2	6	1588
ADAT1	9	1070
ADAT2	2	327
ADCK1	4	964
ADCK2	9	1066
ADCK5	2	1267
ADCY1	2	1621
ADCY10	14	2453
ADCY2	4	1475
ADCY3	2	2012
ADCY4	4	1349
ADCY5	2	2096
ADCY6	6	1905
ADCY7	3	1998
ADCY8	4	2123
ADCY9	8	2652
ADCYAP1	0	1
ADCYAP1R1	2	760
ADD1	3	1313
ADD2	5	1181
ADD3	6	1106
ADGRA1	2	1118
ADGRA2	6	1055
ADGRA3	1	232
ADGRB1	3	2736
ADGRB2	7	2554
ADGRB3	3	2382
ADGRD1	6	1618
ADGRE1	17	1257
ADGRE2	11	1267
ADGRE3	10	1107
ADGRE5	7	747
ADGRF1	8	1620
ADGRF3	20	1862
ADGRF4	12	1331
ADGRF5	7	1404
ADGRG1	4	1165
ADGRG3	4	1031
ADGRG5	2	943
ADGRG6	7	1947
ADGRG7	5	1424
ADGRL1	3	2485
ADGRL2	9	2080
ADGRL3	5	1980
ADGRL4	6	1281
ADGRV1	62	10457
ADH1A	0	647
ADH1B	5	635
ADH1C	0	28
ADH4	3	687
ADH5	2	436
ADH6	1	623
ADH7	3	768
ADHFE1	1	103
ADI1	2	366
ADIPOQ	2	472
ADIPOR1	0	349
ADIPOR2	2	475
ADIRF	0	166
ADISSP	0	349
ADK	0	416
ADM	1	369
ADNP	1	1698
ADNP2	5	2073
ADO	2	557
ADORA1	0	164
ADORA2B	0	644
ADORA3	3	535
ADPGK	3	872
ADPRH	1	614
ADPRM	3	335
ADRA1A	9	1031
ADRA1B	0	1038
ADRA1D	3	1182
ADRA2A	1	1015
ADRA2B	2	874
ADRA2C	0	887
ADRB2	3	674
ADRB3	1	927
ADRM1	1	116
ADSL	1	765
ADSS1	1	770
ADSS2	1	600
ADTRP	3	417
AEBP1	9	2173
AEBP2	0	847
AEN	8	697
AFAP1	5	1633
AFAP1L1	1	1359
AFAP1L2	8	1437
AFDN	3	2855
AFF1	4	2217
AFF3	3	2033
AFF4	3	1598
AFG1L	5	851
AFG2A	4	1464
AFG2B	7	1484
AFG3L2	1	1143
AFM	3	1104
AFMID	4	455
AFP	3	1005
AFTPH	8	1382
AGA	3	635
AGAP1	2	1519
AGAP2	4	1306
AGAP3	3	1658
AGBL1	17	2419
AGBL2	4	1237
AGBL3	8	949
AGBL4	4	885
AGBL5	4	1568
AGFG1	1	810
AGFG2	5	873
AGGF1	4	1205
AGK	1	271
AGL	13	2554
AGMAT	3	748
AGMO	5	1118
AGO1	0	1027
AGO2	0	1022
AGO3	0	621
AGO4	0	1089
AGPAT2	0	141
AGPAT3	1	543
AGPAT4	0	517
AGPAT5	3	1002
AGPS	0	876
AGR2	0	270
AGR3	1	348
AGRN	29	4759
AGT	6	897
AGTPBP1	2	1883
AGTR1	2	546
AGTRAP	1	273
AGXT	9	832
AGXT2	8	989
AHCTF1	13	2137
AHCY	3	734
AHCYL1	0	578
AHCYL2	0	861
AHDC1	6	2869
AHI1	9	2060
AHNAK	0	277
AHNAK2	20	3112
AHR	4	1448
AHRR	8	1491
AHSA1	1	505
AHSG	5	672
AHSP	1	200
AICDA	0	368
AIDA	0	311
AIF1	1	226
AIF1L	3	267
AIFM2	5	716
AIFM3	5	1160
AIG1	0	414
AIM2	0	255
AIMP1	3	519
AIMP2	0	155
AIP	3	582
AIPL1	6	622
AIRE	5	1196
AIRIM	0	189
AJAP1	2	884
AJUBA	3	904
AK1	2	365
AK2	3	325
AK3	1	285
AK4	1	251
AK5	0	525
AK6	0	107
AK7	6	1258
AK8	4	846
AK9	15	2150
AKAIN1	1	121
AKAP1	7	952
AKAP10	4	985
AKAP11	14	3051
AKAP12	21	2966
AKAP13	30	5236
AKAP19	1	169
AKAP3	8	1259
AKAP5	4	570
AKAP6	13	3795
AKAP7	1	140
AKAP8	8	1420
AKAP8L	1	855
AKAP9	20	5898
AKIP1	2	387
AKIRIN2	0	349
AKNA	12	1648
AKNAD1	4	598
AKR1A1	3	560
AKR1B1	1	548
AKR1C3	7	706
AKR1C4	3	659
AKR1D1	0	527
AKR1E2	5	603
AKR7A2	7	797
AKT1	0	678
AKT2	0	667
AKT3	0	489
AKTIP	0	97
ALAD	1	512
ALAS1	1	1033
ALB	0	995
ALCAM	4	898
ALDH16A1	9	1702
ALDH18A1	2	1172
ALDH1A1	1	783
ALDH1A2	1	908
ALDH1A3	2	834
ALDH1B1	6	953
ALDH1L1	8	1688
ALDH1L2	3	1477
ALDH2	1	912
ALDH3A1	6	926
ALDH3A2	3	798
ALDH3B1	0	397
ALDH3B2	9	382
ALDH4A1	10	1143
ALDH5A1	7	1019
ALDH6A1	2	781
ALDH7A1	2	662
ALDH8A1	5	888
ALDH9A1	5	961
ALDOA	0	8
ALDOB	0	5
ALDOC	1	544
ALG1	3	623
ALG11	0	2
ALG12	3	893
ALG14	2	398
ALG5	1	484
ALG6	4	746
ALG8	4	868
ALG9	4	686
ALK	5	3149
ALKAL2	0	54
ALKBH1	2	714
ALKBH3	4	528
ALKBH4	2	620
ALKBH5	0	581
ALKBH8	2	383
ALLC	8	720
ALMS1	14	2653
ALOX12	5	1131
ALOX12B	0	1
ALOX15	4	542
ALOX15B	13	1287
ALOX5	2	1294
ALOX5AP	0	332
ALOXE3	4	1176
ALPI	2	1091
ALPK1	18	2227
ALPK2	39	3511
ALPK3	14	3330
ALPL	2	367
ALS2	6	2579
ALS2CL	6	1830
ALX1	3	591
ALX4	1	761
AMACR	7	487
AMBN	10	842
AMBP	2	695
AMBRA1	3	1853
AMD1	0	74
AMDHD1	4	799
AMDHD2	2	914
AMER2	3	1173
AMER3	4	1789
AMFR	0	1062
AMHR2	0	943
AMIGO1	2	612
AMIGO2	1	848
AMMECR1L	2	388
AMN	2	1145
AMN1	0	384
AMOTL1	4	1157
AMOTL2	8	1454
AMPD1	4	1289
AMPD2	1	1340
AMPD3	5	1330
AMPH	5	1077
AMT	1	544
AMTN	6	378
AMZ1	8	1586
ANAPC10	1	214
ANAPC11	0	48
ANAPC13	0	58
ANAPC16	1	175
ANAPC2	1	766
ANAPC4	1	1087
ANAPC5	2	1102
ANAPC7	0	712
ANG	1	259
ANGEL1	5	1148
ANGEL2	2	550
ANGPT1	1	699
ANGPT2	2	1054
ANGPT4	4	973
ANGPTL1	1	835
ANGPTL4	6	843
ANGPTL5	4	658
ANGPTL6	4	1043
ANGPTL8	2	347
ANHX	6	683
ANK1	9	3138
ANK2	15	6043
ANK3	19	6528
ANKAR	10	1965
ANKDD1A	1	992
ANKDD1B	6	393
ANKEF1	6	1308
ANKFN1	8	2187
ANKFY1	2	1848
ANKH	2	725
ANKHD1	0	1353
ANKIB1	2	1441
ANKK1	21	1521
ANKLE1	3	298
ANKLE2	7	1870
ANKMY1	11	1873
ANKMY2	3	753
ANKRA2	0	488
ANKRD1	1	263
ANKRD10	3	770
ANKRD11	9	4894
ANKRD12	12	3315
ANKRD13A	2	894
ANKRD13B	0	340
ANKRD13C	2	732
ANKRD13D	0	63
ANKRD16	3	621
ANKRD17	3	2927
ANKRD2	3	629
ANKRD22	3	330
ANKRD23	2	328
ANKRD24	19	2464
ANKRD26	15	2557
ANKRD27	5	1922
ANKRD28	1	1576
ANKRD29	1	476
ANKRD30A	0	8
ANKRD31	16	2825
ANKRD33	6	844
ANKRD33B	3	1071
ANKRD34B	5	821
ANKRD34C	3	839
ANKRD35	15	1884
ANKRD39	1	188
ANKRD40	2	391
ANKRD42	2	851
ANKRD44	4	1518
ANKRD45	2	375
ANKRD46	0	316
ANKRD50	1	2152
ANKRD52	2	1396
ANKRD53	2	637
ANKRD54	0	623
ANKRD55	4	1049
ANKRD6	8	1277
ANKRD60	4	375
ANKRD62	0	6
ANKRD63	0	74
ANKRD7	2	395
ANKS1A	4	1738
ANKS1B	2	1148
ANKS3	9	1575
ANKS4B	3	685
ANKS6	8	1714
ANKUB1	5	823
ANKZF1	0	103
ANLN	3	1677
ANO1	6	1516
ANO10	6	1074
ANO2	11	1896
ANO3	1	1440
ANO4	2	1332
ANO5	6	1597
ANO6	6	1520
ANO7	13	2023
ANO8	4	2201
ANO9	8	947
ANP32B	1	311
ANP32D	2	241
ANP32E	1	161
ANPEP	10	1838
ANTKMT	1	617
ANTXR1	1	758
ANTXR2	2	915
ANXA1	0	643
ANXA10	2	584
ANXA11	7	953
ANXA13	3	733
ANXA2	1	636
ANXA2R	2	356
ANXA3	4	571
ANXA4	4	524
ANXA5	2	513
ANXA6	0	1211
ANXA7	2	846
ANXA9	3	484
AOAH	4	383
AOC1	4	1385
AOC2	9	1491
AOC3	1	123
AOPEP	4	1479
AOX1	5	2141
AP1AR	1	516
AP1B1	1	1294
AP1G1	1	1165
AP1G2	1	456
AP1M1	0	636
AP1M2	1	782
AP1S1	0	145
AP1S3	4	116
AP2A1	0	888
AP2A2	1	1471
AP2B1	0	640
AP2M1	0	376
AP2S1	0	132
AP3B1	5	1594
AP3B2	1	1762
AP3D1	2	2067
AP3M1	1	497
AP3M2	0	653
AP3S1	0	178
AP3S2	0	356
AP4B1	4	1301
AP4E1	4	1885
AP4S1	0	189
AP5B1	6	2072
AP5M1	5	793
AP5S1	0	438
AP5Z1	0	9
APAF1	0	227
APBA1	1	1669
APBA2	0	151
APBA3	10	1306
APBB1	4	1123
APBB1IP	2	976
APBB2	4	1163
APC	10	4760
APC2	12	5750
APCDD1	2	938
APCDD1L	8	1072
APCS	2	439
APEH	1	828
APH1A	0	223
APH1B	3	372
API5	0	509
APIP	3	338
APLF	6	895
APLNR	2	731
APLP1	3	1265
APLP2	2	1399
APMAP	5	771
APOA4	8	819
APOB	39	7723
APOBEC1	5	361
APOBEC2	4	452
APOBEC3A	0	23
APOBEC3C	0	123
APOBEC3G	2	570
APOBEC3H	5	336
APOC1	1	186
APOC2	0	176
APOC3	1	183
APOD	2	345
APOE	3	715
APOH	8	629
APOL1	11	803
APOL2	3	670
APOL3	10	730
APOL4	11	655
APOL5	7	743
APOL6	1	617
APOLD1	1	609
APP	0	1255
APPBP2	1	653
APPL1	2	1094
APPL2	4	1135
APTX	3	495
AQP1	4	496
AQP10	2	353
AQP11	3	530
AQP2	0	521
AQP3	0	443
AQP4	1	579
AQP5	1	196
AQP6	3	538
AQP8	4	458
AQP9	2	596
AQR	2	1934
ARAP1	6	2112
ARAP2	12	3004
ARAP3	9	2674
ARB2A	1	710
ARC	0	746
ARCN1	0	696
AREG	3	391
AREL1	3	1341
ARF1	0	190
ARF3	0	161
ARF4	0	176
ARF5	0	251
ARFGAP1	2	838
ARFGAP2	0	5
ARFGAP3	8	933
ARFGEF1	4	2035
ARFGEF2	3	2589
ARFGEF3	9	3704
ARFIP1	3	527
ARFIP2	0	493
ARG1	0	8
ARG2	1	276
ARGFX	2	181
ARGLU1	0	2
ARHGAP1	1	684
ARHGAP10	4	1394
ARHGAP11A	3	903
ARHGAP11B	0	343
ARHGAP12	1	1235
ARHGAP15	0	805
ARHGAP17	3	1499
ARHGAP18	2	1051
ARHGAP19	3	792
ARHGAP20	4	1913
ARHGAP21	2	964
ARHGAP22	6	1569
ARHGAP23	0	132
ARHGAP24	5	1387
ARHGAP25	5	1060
ARHGAP26	0	1173
ARHGAP27	3	1015
ARHGAP28	6	1312
ARHGAP29	4	1879
ARHGAP30	9	1905
ARHGAP31	7	2259
ARHGAP32	6	3203
ARHGAP33	4	2240
ARHGAP35	0	1926
ARHGAP39	3	2276
ARHGAP44	0	1273
ARHGAP45	4	1678
ARHGAP5	1	101
ARHGAP8	4	757
ARHGAP9	3	485
ARHGDIA	0	422
ARHGDIB	1	398
ARHGEF1	2	1543
ARHGEF10	6	3311
ARHGEF10L	6	1616
ARHGEF11	2	2110
ARHGEF12	6	2094
ARHGEF15	8	1535
ARHGEF16	5	863
ARHGEF17	15	4326
ARHGEF18	15	2438
ARHGEF19	9	1608
ARHGEF2	0	1434
ARHGEF25	2	964
ARHGEF26	8	1816
ARHGEF28	20	2996
ARHGEF3	2	940
ARHGEF33	4	1757
ARHGEF37	13	1172
ARHGEF38	4	1329
ARHGEF4	2	1287
ARHGEF40	13	2737
ARHGEF7	3	1245
ARID1A	5	3995
ARID1B	3	3820
ARID2	4	2589
ARID3A	2	1092
ARID3B	2	624
ARID3C	0	258
ARID4A	4	1708
ARID4B	4	1696
ARID5A	3	1031
ARID5B	2	1791
ARIH1	0	503
ARIH2	1	543
ARK2C	1	526
ARK2N	3	405
ARL1	0	175
ARL10	2	207
ARL11	4	347
ARL13B	3	555
ARL14	1	382
ARL14EP	0	252
ARL14EPL	1	173
ARL15	0	42
ARL2	1	341
ARL2BP	1	237
ARL3	0	241
ARL4C	0	275
ARL4D	0	339
ARL5A	0	228
ARL5B	0	272
ARL5C	7	304
ARL6	0	273
ARL6IP1	1	210
ARL6IP5	1	310
ARL6IP6	1	579
ARL8A	0	221
ARL8B	1	205
ARLN	2	451
ARMC1	0	393
ARMC10	1	81
ARMC12	3	641
ARMC2	5	1393
ARMC3	7	1374
ARMC5	8	1919
ARMC6	1	899
ARMC7	2	403
ARMC8	1	559
ARMC9	6	1246
ARMH1	0	11
ARMH3	1	950
ARMH4	7	1320
ARMS2	3	141
ARNT	2	1004
ARNT2	3	1197
ARPC1A	0	453
ARPC1B	1	192
ARPC2	0	362
ARPC3	1	222
ARPC4	0	82
ARPC5	0	237
ARPC5L	0	234
ARPIN	0	483
ARPP19	0	95
ARPP21	4	1458
ARRB1	1	662
ARRB2	0	595
ARRDC1	0	124
ARRDC2	5	911
ARRDC3	0	552
ARRDC4	7	825
ARRDC5	3	620
ARSA	5	1042
ARSB	4	1005
ARSG	6	765
ARSI	2	1085
ARSJ	2	968
ARSK	2	770
ART1	7	722
ART3	1	526
ART4	5	522
ART5	5	408
ARV1	2	416
ARVCF	6	1524
AS3MT	0	20
ASAH1	10	919
ASAH2	3	972
ASAP1	2	1619
ASAP2	2	1427
ASAP3	6	1567
ASB1	0	613
ASB10	7	930
ASB13	1	639
ASB14	1	656
ASB15	5	996
ASB16	11	1072
ASB17	1	484
ASB2	4	1429
ASB3	4	1052
ASB4	0	515
ASB5	0	601
ASB6	2	826
ASB7	0	362
ASB8	0	88
ASCC1	3	495
ASCC2	8	1286
ASCC3	3	1493
ASCL1	0	379
ASCL3	1	97
ASCL4	1	483
ASF1A	0	242
ASF1B	0	358
ASGR1	0	583
ASGR2	0	548
ASH1L	7	4148
ASH2L	1	795
ASIC1	0	832
ASIC2	2	1264
ASIC3	1	638
ASIC4	1	616
ASIC5	0	495
ASIP	1	268
ASL	2	842
ASNSD1	4	1013
ASPA	0	493
ASPDH	4	410
ASPG	5	1104
ASPH	2	1245
ASPHD1	0	123
ASPHD2	1	614
ASPM	7	3177
ASPRV1	2	448
ASPSCR1	3	967
ASRGL1	0	606
ASS1	1	722
ASTE1	1	1063
ASTL	6	754
ASTN1	5	707
ASTN2	8	2436
ASXL1	10	2641
ASXL2	7	2210
ASXL3	11	3590
ASZ1	2	844
ATAD1	0	390
ATAD2	2	2019
ATAD2B	4	1890
ATAD3C	13	749
ATAD5	10	2353
ATAT1	0	23
ATCAY	0	702
ATE1	1	870
ATF1	1	385
ATF2	0	673
ATF3	0	175
ATF6	6	1108
ATF6B	4	884
ATF7	0	684
ATF7IP	9	1922
ATF7IP2	4	1051
ATG10	3	355
ATG101	0	315
ATG12	0	1
ATG13	1	765
ATG14	2	925
ATG16L1	3	694
ATG16L2	3	1231
ATG2A	16	3599
ATG2B	8	1822
ATG3	0	381
ATG4B	0	126
ATG4C	2	813
ATG4D	2	962
ATG5	1	308
ATG7	2	1129
ATG9A	0	341
ATG9B	0	1
ATIC	3	1151
ATL1	0	613
ATL2	5	1075
ATL3	1	882
ATM	22	4839
ATMIN	1	474
ATN1	5	1842
ATOH1	4	776
ATOH8	3	796
ATOSA	8	1712
ATOX1	0	99
ATP10A	16	2956
ATP10B	10	1710
ATP10D	11	2133
ATP11A	5	2016
ATP11B	3	1712
ATP12A	8	1815
ATP13A1	2	1341
ATP13A2	3	2171
ATP13A3	2	975
ATP13A4	5	1792
ATP13A5	14	1926
ATP1A1	1	1027
ATP1A2	1	1285
ATP1A3	0	1074
ATP1A4	13	1789
ATP1B1	0	232
ATP1B2	1	490
ATP1B3	0	364
ATP23	2	406
ATP2A1	0	1636
ATP2A2	0	1131
ATP2A3	7	1969
ATP2B1	0	1241
ATP2B2	3	1729
ATP2B4	7	1684
ATP2C1	1	1190
ATP2C2	15	2990
ATP4A	6	1592
ATP4B	2	573
ATP5F1A	2	780
ATP5F1B	2	629
ATP5F1C	0	436
ATP5F1D	0	447
ATP5F1E	0	22
ATP5MC1	0	178
ATP5MC2	1	213
ATP5MC3	1	211
ATP5MF	2	174
ATP5MG	0	137
ATP5MJ	1	95
ATP5MK	0	92
ATP5PB	0	7
ATP5PD	0	231
ATP5PF	0	168
ATP5PO	2	371
ATP6V0A1	2	1098
ATP6V0A2	5	1320
ATP6V0A4	8	1378
ATP6V0B	0	210
ATP6V0C	0	55
ATP6V0D1	0	485
ATP6V0D2	3	695
ATP6V0E1	0	129
ATP6V0E2	2	338
ATP6V1A	0	684
ATP6V1B1	3	879
ATP6V1B2	1	792
ATP6V1C1	0	516
ATP6V1C2	2	563
ATP6V1D	1	354
ATP6V1E1	0	292
ATP6V1E2	1	454
ATP6V1F	0	211
ATP6V1G1	2	219
ATP6V1G2	0	186
ATP6V1G3	1	188
ATP6V1H	1	708
ATP7B	14	2787
ATP8A1	5	1663
ATP8A2	0	288
ATP8B1	0	16
ATP8B2	3	1629
ATP8B3	12	2632
ATP8B4	12	2123
ATP9A	1	1393
ATP9B	6	2229
ATPAF2	0	174
ATPSCKMT	1	141
ATR	13	3320
ATRIP	2	978
ATRN	6	2117
ATRNL1	2	2174
ATXN1	4	1480
ATXN10	0	830
ATXN1L	6	1250
ATXN2	3	1416
ATXN2L	2	2024
ATXN3	1	393
ATXN7	6	1667
ATXN7L1	4	1473
ATXN7L2	0	126
ATXN7L3	0	199
ATXN7L3B	0	188
AUH	1	614
AUNIP	2	526
AURKA	3	501
AURKAIP1	2	503
AURKB	5	603
AURKC	0	505
AUTS2	5	2215
AVEN	4	857
AVIL	4	1354
AVL9	5	980
AVPI1	3	287
AVPR1A	4	851
AVPR1B	6	878
AXDND1	9	1697
AXIN1	4	1422
AXIN2	8	1719
AXL	2	1548
AZGP1	0	529
AZI2	0	11
AZIN1	2	587
AZIN2	4	795
AZU1	2	591
B2M	0	85
B3GALNT1	1	506
B3GALNT2	1	881
B3GALT1	1	467
B3GALT2	1	629
B3GALT5	1	502
B3GAT1	1	643
B3GAT2	1	706
B3GAT3	0	134
B3GLCT	5	890
B3GNT2	2	621
B3GNT3	0	344
B3GNT5	1	563
B3GNT6	1	258
B3GNT7	1	742
B4GALNT1	5	1031
B4GALNT2	6	1058
B4GALNT3	12	1811
B4GALNT4	7	2369
B4GALT1	0	703
B4GALT2	0	295
B4GALT3	1	609
B4GALT4	3	558
B4GALT5	2	542
B4GALT6	2	520
B4GALT7	2	762
B4GAT1	0	696
B9D1	0	389
B9D2	1	43
BAALC	1	339
BAAT	5	696
BABAM1	0	401
BABAM2	1	496
BACE1	0	517
BACE2	1	692
BACH1	4	1175
BACH2	4	1291
BAD	0	129
BAG1	0	3
BAG2	0	42
BAG3	4	1114
BAG4	2	424
BAG5	1	726
BAG6	2	1799
BAHD1	3	1298
BAIAP2	1	1123
BAIAP2L1	2	947
BAIAP2L2	1	557
BAIAP3	7	1262
BAK1	1	155
BAMBI	2	572
BANF1	0	98
BANF2	2	169
BANK1	7	1432
BANP	0	407
BAP1	1	1075
BARD1	9	1448
BARHL1	0	617
BARHL2	0	743
BARX1	1	502
BARX2	2	521
BASP1	3	549
BATF	1	206
BATF2	2	470
BATF3	1	222
BAX	0	455
BAZ1A	2	1931
BAZ1B	2	2040
BAZ2A	4	2122
BAZ2B	7	2847
BBOF1	3	522
BBOX1	1	671
BBS1	5	896
BBS10	2	523
BBS12	7	1107
BBS2	4	1167
BBS4	3	960
BBS5	4	538
BBS7	1	1024
BBS9	7	1479
BBX	5	1429
BCAM	12	1411
BCAN	5	1683
BCAP29	0	458
BCAR1	11	1680
BCAR3	8	1420
BCAS1	8	953
BCAS2	1	336
BCAS3	4	1411
BCAS4	2	389
BCAT1	3	676
BCAT2	2	718
BCCIP	0	554
BCDIN3D	3	482
BCHE	5	1155
BCKDHA	2	735
BCKDHB	0	746
BCKDK	0	778
BCL10	0	96
BCL11A	0	1219
BCL11B	0	1528
BCL2	1	402
BCL2A1	4	245
BCL2L1	0	311
BCL2L10	2	486
BCL2L11	0	292
BCL2L12	1	250
BCL2L13	5	783
BCL2L14	2	415
BCL2L15	0	1
BCL2L2	1	291
BCL3	1	903
BCL6	3	1043
BCL6B	0	928
BCL7A	1	362
BCL7B	0	343
BCL7C	0	493
BCL9	8	2571
BCL9L	0	610
BCLAF1	0	262
BCO1	8	1197
BCO2	8	947
BCR	8	2116
BDH1	1	673
BDH2	2	345
BDKRB1	4	629
BDKRB2	2	668
BDNF	2	310
BDP1	25	4268
BEAN1	0	305
BECN1	1	315
BEGAIN	3	1300
BEND3	1	1413
BEND4	3	1065
BEND5	1	679
BEND6	0	158
BEND7	1	786
BEST1	1	498
BEST2	5	1065
BEST3	4	933
BEST4	3	856
BET1	0	105
BET1L	0	205
BFAR	3	846
BFSP1	4	899
BFSP2	1	772
BHLHE40	0	732
BHMT	2	639
BHMT2	2	516
BICC1	5	1272
BICD1	0	1180
BICD2	1	1429
BICDL1	0	947
BICDL2	0	2
BICRA	5	3525
BICRAL	5	1512
BID	1	467
BIK	1	261
BIN1	2	843
BIN2	6	765
BIN3	1	563
BIRC2	2	1009
BIRC3	2	921
BIRC5	2	271
BIRC6	12	7496
BIRC7	7	626
BIVM	2	756
BKGD	1	511
BLK	6	1289
BLM	6	2154
BLMH	2	681
BLNK	1	673
BLOC1S2	0	10
BLOC1S5	0	229
BLOC1S6	0	277
BLTP1	14	6675
BLTP2	8	2862
BLTP3A	13	2237
BLTP3B	9	2250
BLVRA	3	477
BLVRB	3	434
BLZF1	5	542
BMAL1	0	690
BMAL2	4	916
BMERB1	1	388
BMF	0	304
BMI1	0	399
BMP1	2	1788
BMP10	3	692
BMP2	2	661
BMP2K	1	541
BMP3	7	919
BMP4	1	658
BMP5	2	776
BMP6	3	1076
BMP7	1	740
BMPER	5	1177
BMPR1A	1	427
BMPR1B	1	841
BMPR2	0	689
BMS1	2	577
BNC1	3	1540
BNC2	3	926
BNIP1	0	482
BNIP2	1	610
BNIP3	0	154
BNIP3L	0	344
BNIP5	8	1220
BNIPL	5	339
BOC	6	1999
BOD1	0	227
BOD1L1	22	4826
BOD1L2	3	320
BOK	5	549
BOLA3	0	176
BOLL	1	254
BOP1	0	61
BORA	3	268
BORCS5	2	300
BORCS6	2	792
BORCS7	0	199
BORCS8	1	232
BPGM	0	402
BPHL	1	299
BPI	11	971
BPIFA1	0	517
BPIFA2	5	457
BPIFA3	5	415
BPIFB1	10	829
BPIFB2	4	906
BPIFB3	11	972
BPIFB4	11	1214
BPIFB6	7	919
BPIFC	6	757
BPNT1	2	472
BPNT2	1	669
BPTF	5	2965
BRAF	0	856
BRAP	0	635
BRAT1	15	1840
BRCA1	3	1088
BRCA2	20	5061
BRD1	5	1868
BRD2	8	1561
BRD3	4	1142
BRD4	3	2155
BRD7	2	659
BRD8	5	1673
BRD9	0	252
BRDT	5	1290
BRF1	0	1382
BRF2	3	776
BRI3BP	0	344
BRINP1	4	1297
BRINP2	1	1286
BRINP3	0	1364
BRIP1	6	1770
BRIX1	0	372
BRK1	0	114
BRME1	7	1032
BRMS1L	0	431
BROX	0	638
BRPF1	0	1456
BRPF3	3	1311
BRSK1	2	1111
BRSK2	1	1189
BRWD1	8	3086
BSCL2	1	500
BSDC1	1	795
BSG	3	957
BSN	18	6681
BSND	1	580
BSPH1	0	176
BSPRY	0	439
BST1	6	645
BST2	0	272
BSX	2	467
BTAF1	2	2410
BTBD1	2	839
BTBD10	1	440
BTBD16	7	970
BTBD17	3	1002
BTBD18	0	48
BTBD19	0	314
BTBD2	2	1048
BTBD3	1	617
BTBD7	4	1361
BTBD8	10	2689
BTBD9	0	808
BTC	3	354
BTD	6	957
BTF3	0	151
BTF3L4	0	127
BTG1	0	107
BTG2	1	303
BTG3	1	384
BTG4	0	336
BTLA	3	409
BTN1A1	7	846
BTN2A1	10	986
BTN2A2	7	699
BTN3A1	0	10
BTN3A2	5	431
BTN3A3	5	952
BTNL2	0	5
BTNL3	8	682
BTNL8	4	617
BTNL9	3	1203
BTRC	2	819
BUB1	1	1658
BUB1B	5	1668
BUB3	0	348
BUD13	7	968
BUD23	0	420
BUD31	0	227
BYSL	5	770
BZW1	0	146
BZW2	0	668
C10orf120	5	632
C10orf53	4	320
C10orf62	1	389
C10orf71	21	2720
C10orf88	0	9
C10orf90	9	1450
C11orf16	6	739
C11orf24	4	818
C11orf42	0	41
C11orf52	2	210
C11orf58	0	134
C11orf65	3	524
C11orf71	0	299
C11orf86	1	248
C11orf87	1	384
C11orf96	1	234
C11orf98	0	177
C12orf42	3	687
C12orf43	1	78
C12orf54	0	115
C12orf56	1	842
C12orf57	1	343
C12orf75	0	129
C14orf180	3	391
C14orf39	6	1057
C14orf93	2	699
C15orf40	2	229
C15orf61	0	353
C16orf46	6	869
C16orf54	1	413
C16orf78	5	500
C16orf89	5	959
C16orf90	3	363
C16orf95	3	406
C16orf96	15	2292
C17orf67	1	189
C17orf75	0	621
C17orf78	3	226
C18orf32	0	124
C18orf54	1	669
C18orf63	5	1029
C19orf12	4	254
C19orf18	1	378
C19orf33	0	181
C19orf38	2	329
C19orf44	2	861
C19orf47	1	189
C19orf67	0	251
C19orf81	0	34
C1D	1	199
C1GALT1	0	144
C1QA	1	100
C1QB	0	405
C1QBP	1	259
C1QC	0	475
C1QL2	1	626
C1QL3	0	407
C1QTNF1	1	403
C1QTNF12	4	776
C1QTNF2	0	555
C1QTNF3	0	416
C1QTNF4	2	853
C1QTNF6	6	486
C1QTNF7	0	499
C1QTNF8	3	725
C1RL	3	864
C1S	2	1067
C1orf105	5	318
C1orf116	11	1138
C1orf141	0	1
C1orf146	0	2
C1orf159	3	437
C1orf162	1	251
C1orf174	7	370
C1orf185	3	317
C1orf198	2	599
C1orf21	0	151
C1orf210	1	217
C1orf50	1	214
C1orf52	0	1
C1orf53	2	394
C1orf54	1	104
C1orf74	1	426
C1orf87	6	989
C1orf94	6	792
C2	2	1209
C20orf173	1	163
C20orf202	1	196
C20orf203	0	381
C20orf96	3	716
C21orf58	3	672
C21orf91	3	469
C22orf15	2	293
C22orf23	1	98
C22orf31	4	511
C22orf39	0	94
C22orf42	3	260
C2CD2	4	1242
C2CD2L	2	1211
C2CD3	16	3228
C2CD4C	4	1047
C2CD5	1	1482
C2orf42	3	922
C2orf66	0	153
C2orf68	1	358
C2orf69	2	633
C2orf76	2	225
C2orf78	4	1461
C2orf80	3	329
C2orf81	3	1119
C3	6	2700
C3orf18	1	169
C3orf22	0	267
C3orf38	2	534
C3orf52	4	390
C3orf62	1	138
C3orf70	3	512
C4BPA	8	888
C4BPB	0	431
C4orf17	4	504
C4orf33	5	302
C4orf36	5	207
C4orf51	2	386
C4orf54	21	3499
C5	8	2477
C5AR1	2	659
C5AR2	0	700
C5orf15	0	134
C5orf22	6	670
C5orf24	0	247
C5orf34	1	1065
C5orf46	2	159
C5orf47	4	395
C5orf52	4	310
C5orf58	0	1
C6	11	1768
C6orf118	6	952
C6orf120	1	487
C6orf132	17	2140
C6orf136	4	965
C6orf141	5	541
C6orf15	10	548
C6orf52	2	242
C6orf58	1	546
C6orf62	0	162
C6orf89	2	607
C7	8	1594
C7orf25	1	604
C7orf33	4	283
C7orf57	8	526
C8A	13	1167
C8B	7	1161
C8orf33	1	552
C8orf34	5	788
C8orf48	9	806
C8orf58	1	84
C8orf74	6	814
C8orf76	1	681
C8orf88	1	133
C8orf89	2	107
C9	9	1054
C9orf152	0	421
C9orf153	1	155
C9orf40	0	388
C9orf43	9	783
C9orf57	0	214
C9orf72	1	594
C9orf78	0	125
CA1	3	494
CA10	0	535
CA11	0	526
CA12	1	678
CA13	1	464
CA14	1	44
CA2	1	431
CA3	1	462
CA4	2	608
CA6	7	589
CA7	1	363
CA8	0	418
CA9	3	567
CAAP1	3	771
CAB39	0	439
CAB39L	0	527
CABCOCO1	0	371
CABIN1	14	3608
CABLES1	2	1135
CABLES2	4	652
CABP2	3	480
CABP5	4	337
CABP7	0	387
CABS1	3	716
CABYR	0	133
CACFD1	1	350
CACHD1	5	1960
CACNA1A	9	4045
CACNA1B	7	3459
CACNA1C	4	2705
CACNA1D	1	2964
CACNA1E	5	2970
CACNA1G	5	3560
CACNA1H	16	5002
CACNA1I	13	3363
CACNA1S	12	3498
CACNA2D1	3	1462
CACNA2D2	7	1803
CACNA2D3	4	1870
CACNA2D4	0	65
CACNB1	2	768
CACNB2	6	1265
CACNB3	0	783
CACNB4	1	655
CACNG1	2	442
CACNG2	0	514
CACNG3	0	416
CACNG4	0	559
CACNG5	1	530
CACNG6	2	549
CACNG7	0	485
CACNG8	1	624
CACTIN	3	1485
CACUL1	0	639
CACYBP	0	188
CAD	3	3512
CADM1	3	728
CADM2	0	622
CADM3	1	640
CADM4	1	633
CADPS	1	2065
CADPS2	3	1863
CAGE1	5	958
CALB1	0	342
CALB2	1	524
CALCA	3	267
CALCB	0	262
CALCOCO1	4	1060
CALCOCO2	5	678
CALCR	2	716
CALCRL	3	653
CALD1	9	1225
CALHM1	3	383
CALHM2	2	628
CALHM3	3	747
CALHM4	3	500
CALHM5	0	1
CALHM6	3	226
CALM1	0	23
CALM2	0	94
CALM3	0	133
CALML3	1	304
CALML4	0	56
CALML5	3	318
CALML6	3	369
CALN1	0	465
CALR	1	650
CALR3	1	562
CALU	1	412
CALY	2	418
CAMK1	1	695
CAMK1D	1	432
CAMK1G	3	791
CAMK2A	0	477
CAMK2B	0	633
CAMK2D	1	578
CAMK2G	0	671
CAMK2N1	0	122
CAMK2N2	0	133
CAMK4	2	763
CAMKK1	1	882
CAMKK2	4	1016
CAMKMT	0	508
CAMKV	0	582
CAMLG	2	538
CAMP	2	312
CAMSAP1	3	2632
CAMSAP2	3	1941
CAMSAP3	7	2529
CAMTA1	6	2493
CAMTA2	3	1362
CAND1	0	188
CAND2	18	1964
CANT1	4	799
CANX	1	790
CAP1	0	352
CAP2	3	737
CAPG	5	631
CAPN1	4	1287
CAPN10	5	554
CAPN11	6	1329
CAPN12	7	1001
CAPN13	6	1325
CAPN14	1	288
CAPN15	8	2497
CAPN2	9	1251
CAPN3	4	984
CAPN5	3	1090
CAPN7	2	1337
CAPN8	9	1253
CAPN9	15	1265
CAPNS1	2	426
CAPRIN1	0	1173
CAPRIN2	7	1746
CAPS2	0	35
CAPSL	2	417
CAPZA1	3	341
CAPZA2	0	361
CAPZB	0	278
CARD10	4	1904
CARD11	3	1323
CARD14	9	1636
CARD16	0	1
CARD18	0	98
CARD19	2	375
CARD6	9	1692
CARD8	1	124
CARD9	3	530
CARF	4	973
CARHSP1	0	525
CARM1	0	411
CARMIL1	6	2077
CARMIL2	7	1828
CARMIL3	8	2292
CARNMT1	1	546
CARNS1	8	1705
CARS1	5	1262
CARS2	6	1168
CARTPT	2	221
CASC3	1	1180
CASD1	4	1156
CASKIN1	2	1054
CASKIN2	0	490
CASP1	0	33
CASP10	3	814
CASP14	1	471
CASP2	1	774
CASP3	1	380
CASP4	1	568
CASP5	7	752
CASP6	0	481
CASP7	3	503
CASP8	1	549
CASP9	7	826
CASQ1	5	618
CASQ2	3	649
CASR	7	1383
CASS4	7	1303
CAST	4	802
CASTOR1	0	6
CASTOR2	1	90
CASZ1	10	2721
CAT	1	940
CATIP	3	767
CATSPER1	8	1348
CATSPER3	5	684
CATSPER4	7	846
CATSPERB	4	1663
CATSPERD	5	475
CATSPERE	5	1189
CATSPERG	2	507
CATSPERT	9	1010
CAV1	0	300
CAV2	1	314
CAV3	0	63
CAVIN1	2	788
CAVIN2	5	823
CAVIN3	4	621
CAVIN4	1	654
CBFA2T2	1	914
CBFA2T3	7	1663
CBFB	0	262
CBL	2	1512
CBLB	3	1558
CBLC	6	898
CBLIF	5	705
CBLL1	1	811
CBLN1	0	260
CBLN2	0	401
CBLN4	0	327
CBR1	2	542
CBR3	5	465
CBR4	2	431
CBX1	0	140
CBX2	1	508
CBX3	0	103
CBX4	2	1060
CBX5	0	196
CBX6	1	794
CBX7	0	447
CBX8	4	789
CBY1	0	222
CBY2	7	965
CBY3	4	602
CC2D1A	6	1419
CC2D1B	4	1661
CC2D2A	6	2475
CCAR1	0	1519
CCAR2	1	388
CCBE1	3	823
CCDC102B	8	933
CCDC107	0	343
CCDC110	11	1251
CCDC112	2	923
CCDC116	5	559
CCDC117	2	521
CCDC12	1	338
CCDC122	2	431
CCDC124	1	432
CCDC125	2	495
CCDC126	0	217
CCDC127	2	380
CCDC13	9	1252
CCDC134	1	404
CCDC136	10	1783
CCDC137	9	648
CCDC138	2	990
CCDC14	2	1384
CCDC141	4	889
CCDC146	6	1465
CCDC148	5	1017
CCDC149	2	313
CCDC15	4	1565
CCDC150	5	1936
CCDC152	1	382
CCDC154	8	923
CCDC158	7	1769
CCDC167	0	189
CCDC169	1	367
CCDC170	11	1252
CCDC171	12	2888
CCDC172	0	405
CCDC174	4	488
CCDC175	11	1268
CCDC178	9	1394
CCDC18	7	2115
CCDC180	0	48
CCDC181	0	59
CCDC182	2	302
CCDC183	8	456
CCDC184	2	380
CCDC185	5	1412
CCDC186	5	1244
CCDC190	3	531
CCDC191	8	1360
CCDC198	2	509
CCDC25	1	229
CCDC27	16	1229
CCDC28A	0	176
CCDC3	1	647
CCDC30	3	1050
CCDC32	1	279
CCDC33	8	1245
CCDC34	6	685
CCDC38	4	800
CCDC39	3	716
CCDC40	25	2124
CCDC42	5	558
CCDC43	0	371
CCDC47	1	756
CCDC50	8	822
CCDC51	0	29
CCDC54	3	522
CCDC57	11	755
CCDC59	0	105
CCDC6	2	640
CCDC60	9	934
CCDC61	0	329
CCDC62	5	1071
CCDC63	4	860
CCDC66	13	1615
CCDC68	3	533
CCDC69	6	585
CCDC7	6	873
CCDC70	2	446
CCDC71	2	866
CCDC73	8	1579
CCDC77	7	834
CCDC8	8	1075
CCDC80	5	1721
CCDC81	9	1012
CCDC82	5	857
CCDC83	4	805
CCDC85A	3	1202
CCDC86	2	691
CCDC88A	2	2605
CCDC88B	12	1979
CCDC88C	10	2658
CCDC89	2	705
CCDC9	7	1242
CCDC90B	3	293
CCDC91	5	726
CCDC92	3	612
CCDC93	5	1042
CCDC97	0	635
CCDC9B	0	13
CCER1	2	817
CCHCR1	7	571
CCIN	6	950
CCK	0	232
CCKAR	1	833
CCKBR	1	962
CCL1	0	169
CCL11	2	212
CCL14	0	4
CCL15	2	194
CCL16	0	45
CCL17	2	160
CCL18	0	29
CCL19	0	138
CCL2	0	141
CCL20	0	160
CCL21	0	237
CCL22	3	188
CCL23	2	234
CCL24	2	197
CCL25	5	246
CCL26	1	176
CCL27	2	200
CCL28	0	215
CCL5	0	163
CCL7	0	196
CCL8	3	185
CCM2	3	739
CCN2	1	677
CCN3	3	701
CCN4	1	530
CCN5	2	536
CCN6	5	541
CCNA1	0	594
CCNB1	1	704
CCNB1IP1	1	413
CCNB2	2	696
CCNC	0	223
CCND1	0	522
CCND2	0	400
CCND3	0	171
CCNDBP1	1	353
CCNE1	2	637
CCNE2	1	536
CCNF	0	101
CCNG1	0	250
CCNG2	1	543
CCNH	3	534
CCNI	0	554
CCNJ	0	124
CCNJL	3	781
CCNK	0	106
CCNL1	0	721
CCNL2	1	715
CCNO	1	808
CCNP	1	314
CCNT1	3	1103
CCNT2	0	1096
CCNY	1	436
CCNYL1	0	469
CCP110	6	1402
CCPG1	3	619
CCR1	2	571
CCR2	1	642
CCR3	3	641
CCR4	0	615
CCR5	6	684
CCR6	1	534
CCR7	1	566
CCR8	1	534
CCR9	3	573
CCRL2	6	688
CCS	1	474
CCSER1	6	1528
CCSER2	8	1403
CCT2	0	835
CCT3	2	874
CCT4	0	873
CCT5	2	811
CCT6B	4	949
CCT7	2	811
CCT8	4	792
CD101	18	1721
CD109	20	2493
CD14	1	739
CD151	0	490
CD160	1	272
CD163	5	1634
CD163L1	14	2260
CD164	1	411
CD164L2	0	4
CD177	2	352
CD180	6	1055
CD19	4	953
CD1A	5	685
CD1B	5	741
CD1C	3	640
CD1D	1	665
CD1E	2	288
CD2	4	613
CD200	3	421
CD200R1	5	334
CD200R1L	2	466
CD207	11	607
CD209	0	541
CD22	6	1427
CD226	4	581
CD244	3	397
CD247	0	248
CD248	8	1372
CD27	1	139
CD274	1	336
CD276	6	594
CD28	0	356
CD2AP	3	1090
CD2BP2	4	742
CD300A	1	320
CD300C	2	417
CD300E	3	363
CD300LB	0	250
CD300LD	0	115
CD300LF	2	442
CD300LG	2	433
CD302	0	292
CD320	3	476
CD33	6	221
CD34	3	679
CD36	1	1126
CD37	0	28
CD38	0	549
CD3D	0	35
CD3E	1	315
CD3G	1	54
CD4	5	703
CD40	2	300
CD44	2	625
CD46	2	363
CD47	0	440
CD48	1	227
CD5	7	760
CD53	0	349
CD55	0	721
CD58	0	190
CD59	0	216
CD5L	3	676
CD6	7	1207
CD63	0	398
CD68	4	684
CD69	0	287
CD7	1	76
CD70	0	356
CD72	3	619
CD74	1	515
CD79A	2	366
CD79B	0	344
CD80	2	375
CD81	0	436
CD82	2	552
CD83	2	383
CD84	1	617
CD86	3	432
CD8A	1	556
CD8B	1	71
CD8B2	1	9
CD9	0	386
CD93	6	1395
CD96	1	1101
CDA	1	233
CDADC1	1	755
CDAN1	8	1326
CDC123	0	552
CDC14A	4	961
CDC14B	1	652
CDC16	0	964
CDC20	1	715
CDC20B	4	838
CDC23	1	697
CDC25A	1	730
CDC25B	0	1124
CDC25C	3	763
CDC26	1	63
CDC27	1	790
CDC34	0	488
CDC37	1	600
CDC37L1	0	543
CDC40	1	640
CDC42	0	29
CDC42BPA	4	2519
CDC42BPB	1	2604
CDC42BPG	9	3191
CDC42EP2	1	373
CDC42EP4	1	733
CDC42SE1	0	115
CDC42SE2	0	118
CDC45	4	981
CDC50A	0	541
CDC50B	0	2
CDC5L	0	1034
CDC6	3	862
CDC7	1	844
CDC73	0	594
CDCA2	11	1552
CDCA3	0	64
CDCA5	0	453
CDCA7	0	701
CDCA7L	1	848
CDCA8	1	424
CDCP1	5	1304
CDCP2	1	107
CDH1	3	1467
CDH10	1	1200
CDH11	5	1295
CDH12	5	1252
CDH13	8	1746
CDH15	4	2080
CDH16	5	1666
CDH17	5	1442
CDH18	0	1297
CDH19	5	1460
CDH2	2	1316
CDH20	2	1498
CDH22	3	773
CDH23	38	6567
CDH24	5	908
CDH26	5	1016
CDH3	6	1580
CDH4	4	1584
CDH5	8	1456
CDH6	0	1149
CDH7	2	1289
CDH8	2	990
CDH9	4	1328
CDHR1	6	1493
CDHR2	15	2537
CDHR3	10	1622
CDHR4	0	315
CDHR5	0	122
CDIN1	0	348
CDIPT	0	391
CDK1	0	232
CDK10	0	59
CDK12	1	2223
CDK13	6	2638
CDK14	0	764
CDK15	2	718
CDK17	0	665
CDK18	3	906
CDK19	0	504
CDK2	0	349
CDK20	1	772
CDK2AP1	0	151
CDK2AP2	0	208
CDK4	0	459
CDK5	0	12
CDK5R1	0	120
CDK5R2	2	634
CDK5RAP1	2	822
CDK5RAP2	10	3221
CDK5RAP3	5	820
CDK6	2	400
CDK7	1	411
CDK8	0	426
CDK9	0	643
CDKAL1	2	890
CDKL1	0	452
CDKL2	2	899
CDKL3	3	925
CDKL4	2	540
CDKN1A	3	313
CDKN1B	1	497
CDKN2A	1	393
CDKN2AIP	0	266
CDKN2B	1	346
CDKN2C	0	246
CDKN3	0	2
CDNF	0	1
CDO1	1	355
CDON	10	2135
CDPF1	3	229
CDR2	1	775
CDR2L	1	897
CDS1	2	698
CDS2	0	13
CDT1	9	1477
CDX2	2	607
CDYL	4	886
CDYL2	0	110
CEACAM1	5	859
CEACAM16	3	825
CEACAM19	2	527
CEACAM20	12	1012
CEACAM21	4	584
CEACAM3	7	398
CEACAM4	5	511
CEACAM5	13	1223
CEACAM6	3	619
CEACAM7	5	498
CEACAM8	3	564
CEBPE	1	580
CEBPG	1	235
CEBPZ	3	914
CECR2	11	2524
CELA1	6	468
CELF1	0	595
CELF2	1	604
CELF3	1	645
CELF4	1	690
CELF5	0	685
CELF6	2	878
CELSR1	39	6401
CELSR2	21	5207
CELSR3	10	5517
CEMIP	7	2277
CEMIP2	8	2064
CENATAC	0	692
CENPA	0	209
CENPC	2	1401
CENPE	11	3919
CENPF	36	4940
CENPH	1	437
CENPK	1	445
CENPL	2	525
CENPM	1	377
CENPN	3	533
CENPO	1	152
CENPP	1	209
CENPQ	3	429
CENPU	5	737
CENPW	2	176
CEP104	4	1284
CEP112	8	1670
CEP120	8	1762
CEP126	11	1780
CEP128	7	1875
CEP131	26	2283
CEP135	6	1876
CEP15	3	209
CEP152	7	2028
CEP162	5	2182
CEP164	9	2575
CEP170	0	71
CEP170B	8	2676
CEP192	16	3337
CEP20	2	323
CEP250	14	3534
CEP290	11	3746
CEP295	18	3252
CEP350	14	4433
CEP41	1	617
CEP43	8	715
CEP44	3	673
CEP55	10	705
CEP57	2	845
CEP57L1	4	605
CEP63	1	875
CEP68	9	1148
CEP70	4	953
CEP72	10	1376
CEP76	1	1029
CEP78	3	1310
CEP83	2	908
CEP85	4	1252
CEP85L	2	785
CEP89	9	1327
CEP95	0	36
CEP97	4	1345
CEPT1	2	492
CER1	4	598
CERCAM	6	1241
CERK	6	1041
CERKL	5	1056
CERS1	0	9
CERS3	5	703
CERS4	4	877
CERS5	2	588
CERS6	2	617
CERT1	0	762
CES2	2	936
CES3	6	985
CES4A	0	38
CES5A	7	702
CETN1	2	326
CETN3	1	242
CETP	7	939
CFAP100	8	1242
CFAP107	3	288
CFAP141	0	128
CFAP144	1	226
CFAP161	2	521
CFAP20	0	276
CFAP206	1	200
CFAP20DC	5	996
CFAP210	2	385
CFAP221	1	453
CFAP251	11	1707
CFAP263	2	648
CFAP276	0	8
CFAP298	2	526
CFAP299	1	442
CFAP300	1	492
CFAP36	2	640
CFAP410	7	648
CFAP418	1	361
CFAP43	10	2383
CFAP44	15	2718
CFAP45	4	963
CFAP46	39	4992
CFAP52	4	901
CFAP53	3	871
CFAP54	8	2827
CFAP57	12	1736
CFAP58	6	1440
CFAP61	10	2223
CFAP65	11	2710
CFAP69	4	1527
CFAP70	5	1463
CFAP73	2	91
CFAP74	0	284
CFAP77	4	469
CFAP91	8	1409
CFAP92	5	683
CFAP95	4	434
CFAP96	2	242
CFAP97	4	937
CFD	0	275
CFDP1	2	629
CFH	7	1335
CFHR2	2	210
CFHR4	0	154
CFHR5	7	1117
CFI	5	1032
CFL2	0	197
CFLAR	1	625
CFTR	14	2770
CGA	0	159
CGAS	6	910
CGGBP1	0	215
CGN	13	2106
CGNL1	10	2715
CGRRF1	3	571
CH25H	0	519
CHAC1	2	365
CHAD	3	661
CHADL	0	1387
CHAF1A	9	1618
CHAF1B	5	845
CHAMP1	3	1377
CHAT	10	1443
CHCHD1	0	220
CHCHD2	1	260
CHCHD3	0	352
CHCHD4	0	108
CHCHD5	0	228
CHCHD6	2	490
CHCHD7	0	191
CHCT1	2	436
CHD1	6	2113
CHD1L	10	1470
CHD2	3	2214
CHD3	2	2088
CHD4	3	2142
CHD5	4	2981
CHD6	13	3692
CHD7	6	4497
CHD8	2	1097
CHD9	1	1207
CHDH	5	987
CHEK1	1	579
CHEK2	1	609
CHERP	1	1460
CHFR	7	1157
CHGA	8	845
CHGB	14	1174
CHI3L1	4	744
CHI3L2	3	736
CHIA	12	1002
CHIC2	0	238
CHID1	3	764
CHIT1	7	838
CHKA	0	706
CHL1	12	2572
CHLSN	2	442
CHML	3	1110
CHMP1A	0	412
CHMP2B	0	364
CHMP3	0	310
CHMP4B	0	258
CHMP4C	1	430
CHMP5	0	295
CHMP6	0	408
CHMP7	1	812
CHN1	0	793
CHN2	2	750
CHODL	1	455
CHORDC1	0	315
CHP1	0	152
CHP2	4	453
CHPF	2	1499
CHPF2	8	1563
CHPT1	3	700
CHRAC1	0	219
CHRD	4	1853
CHRDL2	4	807
CHRM1	0	575
CHRM2	3	654
CHRM3	1	881
CHRM5	3	778
CHRNA1	1	831
CHRNA10	0	141
CHRNA2	3	977
CHRNA3	1	789
CHRNA4	1	1047
CHRNA5	4	703
CHRNA6	2	806
CHRNA9	6	883
CHRNB1	1	385
CHRNB2	2	968
CHRNB3	2	764
CHRNB4	6	889
CHRND	5	927
CHRNG	2	633
CHST1	1	723
CHST10	1	594
CHST11	2	514
CHST12	7	1038
CHST13	6	859
CHST14	0	712
CHST15	2	967
CHST2	4	1139
CHST3	1	1051
CHST4	3	673
CHST5	5	976
CHST6	2	1040
CHST8	3	920
CHSY1	5	1418
CHSY3	5	1592
CHTOP	0	152
CHUK	3	897
CHURC1	2	92
CIAO1	0	1
CIAO2A	0	189
CIAO3	5	1058
CIAPIN1	2	410
CIART	1	628
CIB1	1	366
CIB2	1	343
CIB3	2	377
CIB4	2	342
CIBAR1	0	234
CIBAR2	3	679
CIDEA	4	462
CIDEB	1	428
CIDEC	3	227
CIITA	8	2487
CILK1	1	996
CILP	9	2103
CILP2	5	2608
CIMAP1A	2	552
CIMAP1C	4	509
CIMAP1D	1	262
CIMAP2	5	779
CIMAP3	2	273
CIMIP1	2	288
CIMIP2C	3	172
CIMIP4	3	566
CIMIP5	3	326
CIMIP6	0	109
CIMIP7	0	84
CINP	2	340
CIP2A	11	1596
CIPC	2	605
CIRBP	0	352
CIROZ	14	1483
CIRSR	2	603
CISD1	0	152
CISD2	0	145
CISH	1	413
CIT	5	2939
CITED2	1	583
CIZ1	5	1340
CKAP2	8	1166
CKAP2L	10	1288
CKAP4	4	1010
CKAP5	0	2452
CKB	0	688
CKLF	0	255
CKM	4	733
CKMT2	0	730
CKS1B	0	65
CKS2	0	112
CLASP1	5	2202
CLASP2	5	2167
CLASRP	2	1195
CLBA1	1	382
CLC	2	251
CLCA1	8	1513
CLCA2	8	1628
CLCA4	6	1582
CLCC1	1	309
CLCF1	1	371
CLCN1	8	1799
CLCN2	6	1617
CLCN3	1	473
CLCN6	3	1498
CLCN7	1	1567
CLDN1	1	368
CLDN10	0	510
CLDN11	0	293
CLDN12	1	384
CLDN14	1	457
CLDN15	0	294
CLDN16	2	435
CLDN17	2	449
CLDN18	3	574
CLDN19	1	389
CLDN20	2	371
CLDN22	1	328
CLDN23	4	928
CLDN25	0	421
CLDN3	2	403
CLDN8	5	438
CLDND1	1	414
CLEC10A	5	529
CLEC11A	1	742
CLEC12A	2	513
CLEC12B	3	467
CLEC14A	2	1059
CLEC16A	2	1500
CLEC17A	1	379
CLEC19A	1	211
CLEC1A	2	548
CLEC1B	3	442
CLEC2A	3	270
CLEC2B	0	226
CLEC2D	3	245
CLEC2L	1	336
CLEC3A	2	502
CLEC3B	1	375
CLEC4A	2	373
CLEC4C	2	295
CLEC4D	1	411
CLEC4E	0	367
CLEC4F	16	1066
CLEC4G	2	608
CLEC4M	3	550
CLEC5A	0	98
CLEC6A	3	369
CLEC7A	1	226
CLEC9A	2	273
CLGN	5	947
CLHC1	8	709
CLIC1	1	320
CLIC4	0	278
CLIC5	5	779
CLINT1	1	609
CLIP1	8	2031
CLIP2	5	1888
CLIP3	0	387
CLIP4	4	1251
CLK1	0	810
CLK2	3	417
CLK3	0	410
CLK4	3	674
CLMB	1	215
CLMN	6	1687
CLMP	2	605
CLN3	3	773
CLN5	1	358
CLN6	4	718
CLN8	3	629
CLNK	7	843
CLNS1A	1	304
CLOCK	2	1218
CLP1	1	468
CLPB	4	1228
CLPP	0	498
CLPS	3	219
CLPSL1	1	196
CLPSL2	2	284
CLPTM1	0	1052
CLPTM1L	3	1048
CLPX	3	904
CLRN1	0	380
CLRN2	2	304
CLRN3	5	433
CLSPN	7	1932
CLSTN1	4	1391
CLSTN2	4	1712
CLSTN3	3	1625
CLTA	0	453
CLTB	0	307
CLTC	0	1496
CLTCL1	21	2493
CLU	4	777
CLUH	5	2912
CLUL1	0	632
CLVS1	0	519
CLVS2	1	476
CLXN	1	365
CLYBL	5	649
CMA1	1	319
CMAS	0	598
CMBL	0	441
CMC1	1	41
CMC2	1	165
CMIP	0	1416
CMKLR1	3	623
CMKLR2	3	582
CMSS1	3	470
CMTM2	1	420
CMTM3	1	263
CMTM4	2	398
CMTM6	2	311
CMTM7	1	293
CMTM8	1	321
CMTR1	1	950
CMTR2	6	1284
CMYA5	60	6039
CNBD1	0	658
CNBD2	4	991
CNBP	1	183
CNDP1	7	937
CNDP2	3	898
CNEP1R1	0	99
CNFN	0	245
CNGA1	3	979
CNGA3	5	1359
CNGA4	4	949
CNGB1	17	2464
CNGB3	10	1419
CNIH1	0	233
CNIH2	0	195
CNIH3	0	267
CNIH4	3	241
CNKSR1	4	821
CNKSR3	1	506
CNMD	2	471
CNN1	0	290
CNN2	0	252
CNN3	1	193
CNNM1	5	1743
CNNM2	1	1260
CNNM4	0	1231
CNOT1	2	2431
CNOT10	2	1096
CNOT11	1	828
CNOT12	23	3064
CNOT2	0	554
CNOT3	4	1172
CNOT4	3	832
CNOT6	1	655
CNOT6L	1	401
CNOT7	0	137
CNOT8	0	311
CNOT9	0	275
CNPY1	1	147
CNPY2	0	197
CNPY3	1	334
CNPY4	2	439
CNR1	0	67
CNR2	4	580
CNRIP1	0	352
CNST	6	1034
CNTD1	0	4
CNTFR	0	636
CNTLN	14	3091
CNTN1	1	1490
CNTN2	10	1719
CNTN3	8	1638
CNTN4	3	1841
CNTN5	10	2103
CNTN6	5	2370
CNTNAP1	2	2231
CNTNAP2	3	2501
CNTNAP4	9	2798
CNTNAP5	6	2349
CNTRL	10	1869
CNTROB	6	1085
COA1	0	265
COA5	0	136
COA6	0	131
COA7	2	350
COA8	0	136
COBL	14	2334
COBLL1	9	1926
COCH	3	1064
COG1	6	1698
COG2	4	1233
COG3	4	1216
COG4	2	857
COG5	4	1390
COG6	2	159
COG7	2	1324
COIL	0	136
COL10A1	7	1260
COL11A1	9	3051
COL11A2	9	2709
COL12A1	14	4844
COL13A1	5	1396
COL14A1	17	2978
COL15A1	20	2581
COL16A1	8	2002
COL17A1	9	2308
COL18A1	17	2704
COL19A1	5	1845
COL1A1	3	2174
COL1A2	5	2215
COL20A1	12	2955
COL21A1	11	1800
COL22A1	11	3413
COL23A1	6	1150
COL24A1	18	3107
COL25A1	0	1111
COL26A1	6	941
COL27A1	17	3524
COL28A1	19	2361
COL2A1	4	2001
COL3A1	8	2123
COL4A1	4	2492
COL4A2	10	3012
COL4A3	15	2370
COL4A4	17	2895
COL5A1	11	3160
COL5A2	8	2294
COL5A3	17	3543
COL6A1	14	2149
COL6A2	10	1894
COL6A3	27	5819
COL6A5	37	4295
COL6A6	14	3928
COL7A1	11	4484
COL8A1	0	1179
COL8A2	4	1319
COL9A1	8	1809
COL9A2	3	883
COL9A3	6	398
COLEC10	1	512
COLEC11	2	509
COLEC12	10	1164
COLGALT1	3	1284
COLGALT2	6	1081
COLQ	1	941
COMMD1	1	379
COMMD10	1	465
COMMD2	0	4
COMMD4	0	153
COMMD5	3	380
COMMD6	0	206
COMMD7	0	324
COMMD8	4	330
COMMD9	0	355
COMP	3	1443
COMT	2	334
COP1	2	1034
COPA	1	1566
COPB1	0	1330
COPB2	0	823
COPE	2	414
COPG1	3	1339
COPRS	0	221
COPS2	0	414
COPS3	0	543
COPS4	0	450
COPS5	0	203
COPS7A	0	411
COPS7B	1	373
COPS8	0	313
COPS9	3	560
COPZ1	0	240
COPZ2	0	8
COQ10A	0	472
COQ10B	1	415
COQ2	1	646
COQ3	6	655
COQ4	4	612
COQ5	1	585
COQ6	4	619
COQ7	3	371
COQ8A	3	1059
COQ8B	5	898
COQ9	1	413
CORIN	9	1846
CORO1A	2	672
CORO1C	0	618
CORO2A	1	939
CORO2B	1	742
CORO6	1	817
CORO7	7	2059
CORT	0	184
COTL1	1	348
COX10	6	666
COX11	0	328
COX14	0	100
COX15	0	663
COX16	0	186
COX18	3	690
COX19	0	194
COX4I1	1	362
COX4I2	2	329
COX5A	1	240
COX5B	0	236
COX6A1	0	241
COX6A2	1	250
COX6B1	0	115
COX6B2	1	199
COX6C	1	140
COX7A2	0	149
COX7A2L	0	262
COX7B2	0	150
COX7C	0	80
COX8A	0	134
COXFA4	0	161
COXFA4L3	0	115
CP	7	1682
CPA1	4	738
CPA2	3	740
CPA3	7	795
CPA4	4	719
CPA5	4	772
CPA6	6	818
CPAMD8	23	2540
CPAP	10	1834
CPB1	6	756
CPB2	3	687
CPD	4	2167
CPE	2	776
CPEB1	0	613
CPEB2	10	2104
CPEB3	3	1108
CPEB4	0	936
CPED1	7	1812
CPLANE1	4	1130
CPLANE2	1	492
CPLX1	0	339
CPLX2	0	241
CPLX4	0	267
CPM	3	659
CPN1	2	838
CPN2	8	995
CPNE1	5	997
CPNE2	0	943
CPNE4	1	745
CPNE5	1	986
CPNE6	0	40
CPNE7	5	1781
CPNE8	0	899
CPNE9	0	305
CPO	3	643
CPOX	0	412
CPPED1	1	296
CPQ	3	771
CPS1	9	2477
CPSF2	1	981
CPSF3	1	838
CPSF4	0	209
CPSF4L	1	241
CPSF6	0	731
CPSF7	0	645
CPT1A	4	1250
CPT1B	6	1454
CPT1C	0	12
CPT2	1	197
CPVL	11	790
CPXM1	4	1378
CPXM2	7	1431
CPZ	14	2145
CR2	7	1856
CRABP1	0	242
CRABP2	0	139
CRACD	14	2457
CRACDL	8	1942
CRACR2A	8	685
CRADD	3	378
CRAMP1	6	2440
CRAT	5	1147
CRB1	2	1753
CRB2	13	2572
CRB3	0	180
CRBN	1	883
CRCP	0	168
CREB1	0	329
CREB3L1	2	104
CREB3L2	1	929
CREB3L3	2	915
CREB3L4	3	254
CREB5	0	845
CREBBP	9	3985
CREBL2	0	132
CREBRF	0	776
CREBZF	0	579
CRELD2	8	755
CREM	1	440
CRH	0	453
CRHBP	1	511
CRHR1	2	661
CRHR2	4	758
CRIM1	5	1970
CRIP2	1	607
CRIP3	0	349
CRIPT	0	196
CRISP1	3	409
CRISP2	3	469
CRISP3	3	493
CRISPLD1	2	888
CRISPLD2	7	1215
CRK	0	438
CRKL	1	448
CRLF1	1	393
CRLF3	1	770
CRMP1	3	966
CRNKL1	0	434
CRNN	4	895
CROCC	10	1334
CROT	5	959
CRP	1	450
CRTAC1	7	1215
CRTAM	4	662
CRTAP	4	900
CRTC1	2	1123
CRTC2	0	91
CRTC3	1	1171
CRX	3	543
CRY1	0	889
CRY2	0	815
CRYAB	2	288
CRYBA1	3	365
CRYBA2	1	402
CRYBA4	2	366
CRYBB1	0	109
CRYBB2	1	89
CRYBB3	4	444
CRYBG1	22	3391
CRYBG3	28	4391
CRYGA	2	393
CRYGB	1	362
CRYGC	1	118
CRYGD	3	335
CRYGN	1	347
CRYGS	0	287
CRYL1	0	602
CRYM	1	520
CRYZ	4	588
CRYZL1	3	503
CS	0	208
CSAD	2	978
CSDE1	0	968
CSE1L	1	1273
CSF1	4	999
CSF1R	8	1656
CSF2	2	219
CSF2RB	7	1691
CSF3	1	362
CSF3R	7	1258
CSGALNACT1	5	1341
CSGALNACT2	0	659
CSK	0	556
CSMD1	17	9955
CSMD2	8	3554
CSMD3	11	6181
CSN1S1	2	408
CSN2	2	497
CSN3	2	356
CSNK1A1	0	253
CSNK1A1L	2	589
CSNK1D	0	259
CSNK1G1	1	594
CSNK1G2	2	818
CSNK1G3	0	545
CSNK2A1	0	295
CSNK2A2	0	384
CSPG4	4	1201
CSPG5	3	916
CSPP1	5	2069
CSRNP1	3	1020
CSRNP2	2	749
CSRNP3	1	831
CSRP1	1	328
CSRP2	0	322
CSRP3	1	373
CST11	0	49
CST3	1	352
CST5	2	321
CST7	0	165
CST8	1	302
CST9	3	308
CST9L	3	273
CSTA	2	173
CSTB	1	196
CSTF1	0	505
CSTF2T	1	994
CSTF3	0	654
CSTL1	5	267
CSTPP1	1	635
CTBP1	0	788
CTBP2	13	1800
CTBS	2	166
CTC1	9	1780
CTCF	1	906
CTCFL	10	1176
CTDNEP1	1	56
CTDP1	4	1824
CTDSP1	0	310
CTDSP2	0	45
CTDSPL	1	372
CTDSPL2	1	568
CTH	2	591
CTHRC1	1	416
CTIF	2	1119
CTLA4	1	238
CTNNA1	2	1227
CTNNA2	2	1346
CTNNA3	5	1278
CTNNAL1	6	1028
CTNNB1	1	858
CTNNBIP1	0	168
CTNNBL1	0	816
CTNND1	3	1388
CTNND2	2	2067
CTNS	5	683
CTPS1	0	744
CTR9	3	1458
CTRC	1	124
CTSA	1	796
CTSB	6	1174
CTSC	2	874
CTSD	2	794
CTSE	2	789
CTSF	3	971
CTSG	3	485
CTSH	5	646
CTSK	0	453
CTSL	1	522
CTSO	0	635
CTSS	2	401
CTSV	0	606
CTSW	2	726
CTSZ	2	618
CTTN	2	981
CTTNBP2	6	2821
CTTNBP2NL	4	976
CTU2	2	285
CTXN3	2	144
CUBN	26	4454
CUEDC1	2	748
CUEDC2	1	331
CUL1	0	729
CUL2	1	890
CUL3	1	852
CUL4A	3	851
CUL5	0	814
CUL7	9	1845
CUL9	8	3323
CUTC	0	225
CUX1	9	2991
CUX2	6	2513
CUZD1	0	85
CWC15	0	300
CWC22	5	1142
CWC25	1	205
CWC27	1	692
CWF19L1	4	871
CWF19L2	5	1519
CWH43	6	1304
CX3CL1	2	778
CX3CR1	8	614
CXADR	0	384
CXCL1	1	236
CXCL10	1	158
CXCL11	0	151
CXCL12	0	182
CXCL13	0	169
CXCL14	1	185
CXCL17	0	106
CXCL2	0	4
CXCL3	1	222
CXCL5	0	243
CXCL6	0	270
CXCL8	0	206
CXCL9	1	156
CXCR1	7	621
CXCR2	2	571
CXCR4	0	463
CXCR5	1	567
CXXC1	0	65
CXXC4	0	511
CXXC5	0	517
CYB561	0	476
CYB561A3	0	368
CYB561D1	0	281
CYB5A	0	111
CYB5B	2	257
CYB5D2	1	573
CYB5R1	1	384
CYB5R2	5	637
CYB5R3	2	591
CYB5R4	3	742
CYB5RL	5	441
CYBA	2	312
CYBC1	1	374
CYBRD1	3	499
CYC1	2	705
CYFIP1	4	1583
CYFIP2	1	1238
CYGB	0	326
CYLC2	7	706
CYLD	0	1123
CYP11A1	4	865
CYP19A1	3	854
CYP1A1	9	973
CYP1A2	5	1015
CYP1B1	3	388
CYP20A1	3	797
CYP24A1	5	1141
CYP26A1	3	1017
CYP26B1	3	954
CYP26C1	0	3
CYP27A1	2	1042
CYP27B1	1	1016
CYP27C1	1	620
CYP2C18	7	850
CYP2C19	8	1093
CYP2C8	6	855
CYP2C9	7	1079
CYP2E1	5	856
CYP2F1	2	305
CYP2J2	2	919
CYP2R1	1	890
CYP2S1	3	907
CYP2U1	4	975
CYP2W1	8	1202
CYP39A1	10	805
CYP3A43	2	840
CYP3A5	3	792
CYP46A1	0	742
CYP4B1	11	975
CYP4F11	5	1159
CYP4F12	18	1068
CYP4F2	5	872
CYP4F22	2	965
CYP4F3	8	1033
CYP4F8	3	166
CYP4V2	5	985
CYP4X1	0	809
CYP51A1	1	603
CYP7A1	3	896
CYP7B1	3	929
CYP8B1	4	847
CYRIA	0	377
CYRIB	0	284
CYSLTR2	6	601
CYSTM1	0	140
CYTH1	1	537
CYTH2	0	369
CYTH3	1	483
CYTH4	1	643
CYTIP	2	622
CYTL1	2	332
CYYR1	2	324
CZIB	1	287
D2HGDH	8	1110
DAAM1	1	1634
DAAM2	10	1775
DAB1	1	813
DAB2	8	1258
DAB2IP	5	2061
DACH1	1	755
DACT1	4	1784
DACT2	14	1683
DAD1	0	186
DAG1	4	1514
DAGLA	4	1550
DAGLB	10	1572
DALRD3	2	727
DAND5	1	354
DAO	0	655
DAOA	0	161
DAP	2	167
DAP3	4	606
DAPK1	6	2247
DAPK2	2	668
DAPK3	0	1014
DAPL1	4	232
DAPP1	0	344
DARS2	0	28
DAW1	3	751
DAXX	1	1173
DAZAP1	1	619
DAZAP2	0	4
DAZL	4	294
DBF4	2	455
DBF4B	4	1027
DBH	11	975
DBI	2	183
DBN1	7	1215
DBNDD1	0	342
DBNDD2	1	299
DBNL	0	127
DBR1	2	899
DBT	3	568
DBX1	3	776
DBX2	4	838
DCAF1	0	1244
DCAF10	0	417
DCAF11	0	132
DCAF12	2	657
DCAF13	2	639
DCAF15	0	442
DCAF16	2	373
DCAF17	1	590
DCAF4	7	587
DCAF4L1	2	590
DCAF4L2	1	796
DCAF5	1	1291
DCAF6	5	1133
DCAF7	0	76
DCAF8	0	723
DCAKD	2	456
DCANP1	8	496
DCBLD1	2	907
DCBLD2	7	936
DCC	5	2153
DCD	1	225
DCDC2	3	730
DCHS1	19	4361
DCHS2	41	5769
DCK	1	394
DCLK1	0	946
DCLK2	4	1326
DCLK3	3	1167
DCLRE1A	7	1634
DCLRE1B	0	3
DCLRE1C	2	229
DCN	2	579
DCP1A	3	867
DCP1B	8	1045
DCP2	0	771
DCPH1	4	724
DCPS	3	685
DCST1	3	823
DCST2	0	10
DCSTAMP	6	816
DCT	1	971
DCTD	1	344
DCTN1	5	2127
DCTN2	0	68
DCTN3	0	338
DCTN4	3	634
DCTN5	0	168
DCTN6	0	287
DCTPP1	1	333
DCUN1D1	0	231
DCUN1D2	0	229
DCUN1D4	0	461
DCUN1D5	0	256
DCXR	0	476
DDA1	0	84
DDAH1	1	505
DDB1	0	1444
DDB2	1	640
DDC	5	860
DDHD1	1	1001
DDHD2	3	1080
DDI2	0	126
DDIAS	7	1466
DDIT4	0	490
DDIT4L	2	334
DDN	1	361
DDO	4	552
DDR1	2	1533
DDR2	1	1209
DDRGK1	2	618
DDX1	0	1057
DDX10	3	1376
DDX17	0	3
DDX18	5	972
DDX19A	1	569
DDX19B	3	632
DDX20	0	812
DDX21	1	990
DDX23	0	656
DDX24	7	1119
DDX25	1	669
DDX27	0	348
DDX28	4	1197
DDX31	4	1088
DDX39A	1	611
DDX39B	0	100
DDX4	3	891
DDX41	0	406
DDX42	2	1135
DDX43	2	667
DDX46	0	1084
DDX47	0	717
DDX49	4	510
DDX5	1	872
DDX50	3	1048
DDX51	0	10
DDX52	1	238
DDX54	7	1807
DDX55	4	1013
DDX56	4	1037
DDX59	8	976
DDX6	0	219
DDX60	8	2796
DDX60L	4	710
DEAF1	2	970
DECR1	2	627
DECR2	2	615
DEDD	0	471
DEDD2	1	393
DEF6	4	872
DEF8	1	969
DEFA4	4	312
DEFA5	2	250
DEFA6	3	286
DEFB1	1	237
DEFB110	0	232
DEFB112	0	174
DEFB113	0	38
DEFB114	0	155
DEFB115	0	214
DEFB116	2	242
DEFB118	2	237
DEFB119	0	30
DEFB121	0	2
DEFB123	0	102
DEFB124	3	91
DEFB125	2	292
DEFB126	2	208
DEFB127	2	161
DEFB128	3	195
DEFB129	4	268
DEFB132	4	185
DEFB134	0	146
DEFB135	1	204
DEFB136	0	186
DEGS1	3	525
DEGS2	4	643
DEK	1	512
DELE1	4	973
DEMA1	0	5
DENND10	2	401
DENND11	2	567
DENND1A	4	1839
DENND1B	0	711
DENND1C	3	711
DENND2A	5	1735
DENND2B	5	1914
DENND2C	10	1417
DENND2D	2	563
DENND3	8	2051
DENND4A	6	2423
DENND4B	0	1952
DENND4C	6	1288
DENND5A	3	1991
DENND5B	4	1620
DENND6A	1	892
DENND6B	2	990
DENR	1	176
DEPDC1	1	693
DEPDC1B	1	838
DEPDC5	10	2421
DEPDC7	4	759
DEPP1	2	402
DEPTOR	4	760
DERA	0	564
DERL1	1	414
DERL2	0	338
DES	1	906
DESI1	0	289
DESI2	1	194
DET1	0	1057
DEUP1	5	965
DEXI	0	183
DFFA	3	374
DFFB	1	648
DGAT1	2	621
DGAT2	4	680
DGCR2	3	1144
DGCR8	2	997
DGKA	3	1025
DGKB	1	1399
DGKD	2	2141
DGKE	3	1017
DGKG	2	1405
DGKH	5	1750
DGKI	2	1524
DGKQ	4	1523
DGKZ	5	1391
DGLUCY	12	1194
DGUOK	2	546
DHCR24	1	838
DHCR7	2	967
DHDDS	1	511
DHDH	8	676
DHFR	0	129
DHODH	3	796
DHPS	1	795
DHRS1	2	287
DHRS12	5	471
DHRS13	1	269
DHRS2	4	646
DHRS3	1	224
DHRS7	1	615
DHRS7B	0	32
DHRS7C	2	601
DHRS9	4	586
DHTKD1	9	1792
DHX15	0	667
DHX16	1	481
DHX29	2	1846
DHX30	0	875
DHX32	1	754
DHX33	4	1058
DHX34	8	2299
DHX35	5	1294
DHX36	2	1475
DHX37	9	2025
DHX38	6	2226
DHX40	0	446
DHX57	4	1308
DHX58	5	821
DHX8	3	1534
DHX9	0	1043
DIABLO	1	372
DIAPH1	4	1742
DIAPH3	8	2083
DICER1	3	2459
DIDO1	16	4439
DIMT1	0	460
DIO1	0	77
DIO2	1	441
DIP2A	5	2767
DIP2B	5	2371
DIP2C	1	2608
DIPK1A	0	608
DIPK1B	0	50
DIPK1C	7	857
DIPK2A	0	858
DIRAS1	0	345
DIRAS2	0	309
DIRAS3	1	388
DIS3	7	1218
DIS3L	4	1242
DIS3L2	3	1008
DISC1	8	1272
DISP1	7	2319
DISP2	12	2661
DISP3	8	2706
DIXDC1	0	1104
DKK1	3	488
DKK2	3	478
DKK3	3	626
DKK4	0	389
DKKL1	8	468
DLAT	6	1069
DLC1	13	3609
DLD	0	792
DLEC1	8	2825
DLG1	7	1389
DLG2	2	1762
DLG4	1	906
DLG5	11	3259
DLGAP1	1	1631
DLGAP2	6	2798
DLGAP3	1	1666
DLGAP4	4	1664
DLGAP5	6	1453
DLK1	5	627
DLL1	0	1348
DLL3	4	1516
DLL4	0	979
DLST	0	187
DLX1	0	26
DLX2	0	642
DLX3	1	481
DLX4	3	447
DLX5	0	306
DMAC2	6	499
DMAC2L	1	223
DMAP1	2	708
DMBT1	25	2846
DMBX1	2	699
DMC1	1	479
DMGDH	8	1425
DMKN	5	845
DMP1	5	788
DMPK	3	962
DMRT1	3	919
DMRT2	2	654
DMRT3	7	1111
DMRTA1	3	1213
DMRTA2	1	1196
DMRTB1	3	837
DMRTC2	1	637
DMTF1	1	692
DMTN	2	721
DMWD	1	908
DMXL1	16	5227
DMXL2	8	4565
DNA2	5	1603
DNAAF1	10	1017
DNAAF10	2	448
DNAAF11	3	688
DNAAF2	5	1842
DNAAF3	0	162
DNAAF4	6	840
DNAAF5	5	1935
DNAAF8	6	687
DNAAF9	5	1932
DNAH1	39	6754
DNAH10	44	6911
DNAH11	43	9524
DNAH12	22	5065
DNAH14	47	5344
DNAH17	52	9052
DNAH2	32	7445
DNAH3	38	7182
DNAH5	33	8027
DNAH6	23	6431
DNAH7	44	7025
DNAH8	30	7576
DNAH9	31	7960
DNAI1	5	1242
DNAI2	5	1054
DNAI3	5	1435
DNAI4	2	1101
DNAI7	4	1100
DNAJA1	0	402
DNAJA2	0	522
DNAJA3	1	1053
DNAJA4	2	501
DNAJB11	1	543
DNAJB12	2	652
DNAJB13	2	436
DNAJB14	0	6
DNAJB2	0	344
DNAJB4	0	476
DNAJB5	0	441
DNAJB6	0	542
DNAJB7	2	218
DNAJB8	1	493
DNAJB9	2	374
DNAJC1	0	552
DNAJC10	7	1412
DNAJC11	3	542
DNAJC12	2	328
DNAJC13	14	3247
DNAJC14	0	808
DNAJC15	1	320
DNAJC16	0	892
DNAJC17	5	525
DNAJC18	0	516
DNAJC19	0	60
DNAJC2	0	399
DNAJC21	3	928
DNAJC22	2	623
DNAJC24	1	98
DNAJC25	2	597
DNAJC27	0	493
DNAJC28	2	589
DNAJC3	0	710
DNAJC5	0	298
DNAJC5B	0	365
DNAJC5G	2	348
DNAJC6	2	1342
DNAJC7	0	546
DNAJC8	0	312
DNAL1	1	118
DNAL4	0	187
DNALI1	2	312
DNASE1	8	795
DNASE1L3	3	537
DNASE2	1	639
DNASE2B	4	431
DNER	3	1368
DNHD1	45	7991
DNM1	1	1087
DNM1L	0	750
DNM2	1	865
DNM3	1	1304
DNMBP	8	2595
DNMT1	5	2154
DNMT3A	1	1726
DNMT3B	3	1337
DNPEP	3	906
DNPH1	0	401
DNTT	3	945
DNTTIP1	0	148
DNTTIP2	3	1028
DOCK1	5	2925
DOCK10	8	3483
DOCK2	5	1000
DOCK3	4	2974
DOCK4	10	2849
DOCK5	11	3158
DOCK6	13	2829
DOCK7	3	3016
DOCK8	15	3957
DOCK9	4	2302
DOHH	1	720
DOK1	0	50
DOK2	5	1015
DOK3	4	683
DOK4	0	37
DOK5	0	553
DOK6	2	538
DOK7	10	1779
DOLPP1	0	174
DONSON	4	489
DOP1A	7	3517
DOP1B	16	3880
DORIP1	2	544
DOT1L	7	3062
DPAGT1	2	606
DPCD	0	195
DPEP1	2	1026
DPEP2	0	5
DPEP3	4	890
DPF1	1	509
DPF2	0	531
DPF3	3	819
DPH1	5	943
DPH3	0	2
DPH5	0	458
DPH6	4	480
DPH7	3	875
DPM1	0	294
DPM2	1	27
DPP10	6	1241
DPP3	0	37
DPP4	1	1341
DPP6	2	1384
DPP7	8	1263
DPP8	1	1270
DPP9	7	1658
DPPA2	3	509
DPPA3	1	228
DPPA4	1	527
DPPA5	0	145
DPRX	2	314
DPT	3	383
DPY19L1	0	156
DPY19L3	1	1079
DPY19L4	1	1172
DPY30	0	118
DPYD	10	1888
DPYS	2	956
DPYSL2	1	740
DPYSL3	1	1112
DPYSL4	2	788
DPYSL5	2	817
DR1	0	176
DRAM1	0	387
DRAM2	0	440
DRAP1	0	411
DRAXIN	7	589
DRC1	6	960
DRC10	1	564
DRC11	5	1043
DRC12	0	2
DRC2	2	266
DRC3	8	979
DRC4	7	1036
DRC5	3	364
DRC7	11	1427
DRC8	0	11
DRC9	5	743
DRD1	1	599
DRD2	3	607
DRD3	1	624
DRD4	10	1355
DRG1	0	489
DRG2	3	559
DRGX	1	517
DRICH1	2	92
DROSHA	6	1820
DSC1	6	1495
DSC2	6	1449
DSC3	6	1743
DSCAM	2	3223
DSCAML1	5	3432
DSCC1	2	605
DSE	5	479
DSEL	6	1903
DSG1	16	1854
DSG2	7	1785
DSG3	8	1759
DSG4	13	1926
DSN1	0	395
DSP	13	4246
DST	29	8203
DSTN	0	207
DSTYK	4	1413
DTD1	1	321
DTD2	0	241
DTHD1	7	1053
DTL	3	1113
DTNA	2	1045
DTNB	3	1085
DTNBP1	3	568
DTWD1	1	361
DTWD2	2	398
DTX1	2	1142
DTX3L	6	1145
DTX4	2	1073
DTYMK	0	493
DUOX1	7	1908
DUOX2	10	2214
DUOXA1	5	877
DUOXA2	0	75
DUS1L	2	988
DUS2	1	834
DUS3L	3	1403
DUS4L	0	225
DUSP1	4	702
DUSP10	1	825
DUSP12	1	587
DUSP13A	0	96
DUSP15	4	594
DUSP16	0	198
DUSP18	1	338
DUSP19	0	282
DUSP2	2	689
DUSP22	2	475
DUSP23	4	348
DUSP26	1	366
DUSP29	3	469
DUSP3	0	306
DUSP4	1	724
DUSP5	6	853
DUSP6	3	716
DUSP7	0	397
DUT	1	520
DUXA	0	366
DVL1	2	463
DVL2	1	1415
DVL3	1	766
DXO	4	737
DYDC1	1	99
DYDC2	2	264
DYM	2	1116
DYNAP	3	383
DYNC1H1	3	5098
DYNC1I1	1	975
DYNC1I2	0	651
DYNC1LI1	5	821
DYNC1LI2	0	751
DYNC2H1	6	1553
DYNC2I1	6	1790
DYNC2I2	2	366
DYNC2LI1	3	677
DYNLL1	0	97
DYNLL2	0	74
DYNLRB1	0	55
DYNLRB2	0	210
DYNLT1	0	4
DYNLT2	3	263
DYNLT2B	1	199
DYNLT4	1	547
DYNLT5	3	343
DYRK1A	1	732
DYRK1B	1	883
DYRK2	0	158
DYRK3	1	955
DYRK4	4	974
DYSF	15	3959
DYTN	5	720
DZANK1	8	1333
DZIP1	5	1488
DZIP1L	9	1407
DZIP3	2	1907
E2F1	1	267
E2F2	7	760
E2F3	1	602
E2F5	0	361
E2F6	0	319
E2F7	6	1435
E2F8	2	1412
E4F1	7	1685
EAF1	0	14
EAF2	2	429
EAPP	3	494
EARS2	4	892
EBAG9	0	314
EBF1	0	840
EBF2	1	693
EBF3	0	897
EBF4	1	1267
EBI3	1	514
EBLN1	4	580
EBNA1BP2	4	507
EBPL	2	351
ECD	4	725
ECE1	2	1258
ECE2	3	1477
ECEL1	9	1630
ECH1	3	679
ECHDC1	0	44
ECHDC2	2	539
ECHS1	2	514
ECI1	4	557
ECI2	1	385
ECM1	5	715
ECM2	7	1015
ECPAS	9	2738
ECRG4	2	309
ECSIT	1	539
ECT2	3	1328
ECT2L	13	1382
EDAR	2	809
EDARADD	2	336
EDC3	2	673
EDC4	1	556
EDDM3A	3	291
EDDM3B	1	276
EDEM1	1	1394
EDEM2	2	572
EDEM3	5	1426
EDF1	0	243
EDIL3	1	762
EDN1	1	350
EDN2	1	324
EDN3	1	434
EDNRA	1	482
EDNRB	3	872
EDRF1	2	1653
EEA1	10	2018
EED	0	520
EEF1A2	0	523
EEF1AKMT1	1	379
EEF1AKMT3	3	229
EEF1AKMT4	0	155
EEF1D	0	568
EEF1E1	0	296
EEF1G	0	327
EEF2	0	1602
EEF2K	7	1408
EEFSEC	4	1158
EEIG1	0	83
EEIG2	0	502
EEPD1	5	1015
EFCAB11	2	289
EFCAB12	9	946
EFCAB13	12	1414
EFCAB14	1	642
EFCAB3	2	492
EFCAB5	11	2052
EFCAB6	23	2691
EFCAB7	6	629
EFCAB9	3	312
EFCC1	7	1243
EFEMP1	1	731
EFEMP2	2	818
EFHB	13	1530
EFHC1	7	1063
EFHD1	3	486
EFHD2	1	397
EFL1	6	818
EFNA1	0	45
EFNA2	0	509
EFNA3	1	429
EFNA4	0	61
EFNA5	0	358
EFNB2	0	61
EFNB3	0	638
EFR3A	5	1415
EFR3B	1	1158
EFS	10	881
EFTUD2	0	874
EGF	10	1960
EGFL7	2	622
EGFLAM	14	1893
EGFR	1	2010
EGLN1	3	754
EGLN2	2	798
EGLN3	0	403
EGR1	0	857
EGR2	0	746
EGR3	0	540
EGR4	2	1144
EHBP1	7	1859
EHBP1L1	11	2968
EHD1	0	892
EHD2	2	696
EHD3	0	936
EHD4	1	974
EHF	1	438
EHHADH	8	1222
EHMT1	2	787
EHMT2	0	1030
EI24	0	343
EID2	5	427
EID2B	1	337
EIF1	0	1
EIF1B	0	110
EIF2A	4	857
EIF2AK1	4	1190
EIF2AK2	0	806
EIF2AK3	6	1690
EIF2AK4	3	2518
EIF2B1	0	107
EIF2B2	1	558
EIF2B3	1	618
EIF2B4	0	198
EIF2B5	0	215
EIF2D	2	867
EIF2S1	0	196
EIF2S2	0	237
EIF2S3B	8	700
EIF3A	5	1774
EIF3B	5	1589
EIF3D	0	534
EIF3E	0	529
EIF3F	0	3
EIF3G	0	239
EIF3H	0	562
EIF3I	0	136
EIF3J	1	262
EIF3K	1	369
EIF3L	0	722
EIF3M	0	280
EIF4A1	0	106
EIF4A2	0	111
EIF4B	1	658
EIF4E	0	212
EIF4E2	0	354
EIF4E3	0	235
EIF4EBP1	0	209
EIF4EBP2	1	246
EIF4EBP3	0	195
EIF4ENIF1	2	1502
EIF4G1	9	2155
EIF4G2	0	1257
EIF4G3	4	2215
EIF4H	0	196
EIF5	0	612
EIF5A	0	72
EIF5A2	0	208
EIF5B	3	1305
EIPR1	0	625
ELAC1	1	573
ELAC2	2	1234
ELANE	1	450
ELAPOR1	3	575
ELAPOR2	1	259
ELAVL1	0	341
ELAVL2	0	625
ELAVL3	0	469
ELAVL4	0	491
ELF1	7	916
ELF2	3	353
ELF3	1	583
ELF5	0	460
ELFN2	1	1499
ELK3	3	750
ELK4	0	660
ELL	5	1234
ELL2	3	798
ELMO1	4	1015
ELMO2	0	438
ELMO3	9	1435
ELMOD1	0	501
ELMOD2	2	476
ELMOD3	4	381
ELN	3	1362
ELOA	5	847
ELOB	2	339
ELOC	0	81
ELOF1	0	130
ELOVL2	0	514
ELOVL4	3	443
ELOVL5	1	421
ELOVL6	0	195
ELOVL7	1	470
ELP1	16	2101
ELP2	10	1213
ELP3	0	859
ELP4	4	605
ELP5	1	239
ELP6	1	471
ELSPBP1	7	406
EMB	1	55
EMC1	5	1577
EMC10	1	599
EMC2	0	532
EMC3	0	280
EMC4	0	236
EMC7	2	335
EMC8	0	264
EMCN	2	457
EMG1	1	392
EMID1	4	774
EMILIN1	2	337
EMILIN2	9	2086
EMILIN3	6	1417
EML1	3	1130
EML2	5	1255
EML3	0	188
EML4	5	1961
EML5	4	2188
EML6	7	4135
EMP1	3	254
EMP2	0	271
EMP3	1	305
EMSY	0	1926
EMX1	0	686
EMX2	0	49
ENAH	0	242
ENAM	8	1953
ENC1	0	785
ENDOD1	3	940
ENDOU	2	558
ENDOV	5	633
ENG	5	1093
ENGASE	2	358
ENKUR	2	481
ENO1	1	747
ENO2	0	280
ENO3	0	103
ENO4	1	842
ENOPH1	0	386
ENOSF1	5	622
ENOX1	1	932
ENPEP	3	1132
ENPP1	0	19
ENPP2	7	1399
ENPP3	6	1521
ENPP4	3	674
ENPP5	6	797
ENPP6	5	809
ENPP7	5	761
ENSA	0	81
ENTHD1	1	894
ENTPD1	2	765
ENTPD2	4	1044
ENTPD3	4	888
ENTPD4	2	932
ENTPD5	1	675
ENTPD6	5	907
ENTPD7	3	950
ENTR1	4	894
ENTREP1	1	776
ENTREP2	8	1108
ENTREP3	2	388
ENY2	0	29
EOGT	3	858
EOMES	2	1285
EP300	7	4184
EP400	12	3787
EPAS1	4	1693
EPB41	3	1289
EPB41L1	3	1077
EPB41L2	4	1651
EPB41L3	10	1932
EPB41L4A	13	1489
EPB41L4B	2	1321
EPB41L5	4	1246
EPB42	3	957
EPC1	4	1150
EPC2	1	1122
EPCAM	6	721
EPCIP	1	301
EPDR1	1	518
EPG5	12	4254
EPGN	0	249
EPHA1	7	1811
EPHA10	14	2113
EPHA2	9	1767
EPHA3	3	1709
EPHA4	0	1403
EPHA5	2	1843
EPHA6	3	1780
EPHA7	4	1446
EPHA8	11	1954
EPHB1	3	1624
EPHB2	2	1495
EPHB3	1	1537
EPHB4	2	1793
EPHB6	2	310
EPHX1	6	838
EPHX2	6	928
EPHX3	1	695
EPHX4	0	559
EPM2A	3	705
EPN1	5	1129
EPN2	3	815
EPN3	8	1446
EPO	4	339
EPOR	5	954
EPPIN	1	172
EPRS1	5	2306
EPS15	3	965
EPS15L1	0	1502
EPS8	8	1383
EPS8L1	5	1748
EPS8L2	5	1781
EPS8L3	8	1064
EPSTI1	0	606
EPX	12	1383
EPYC	2	556
EQTN	2	496
ERAL1	1	774
ERAP1	12	1543
ERAP2	8	1597
ERBB2	7	1924
ERBB3	5	2102
ERBB4	1	1902
ERBIN	8	2291
ERC1	2	1468
ERC2	5	1424
ERCC1	0	570
ERCC2	1	1464
ERCC3	3	1263
ERCC4	7	1741
ERCC5	0	7
ERCC6	19	2521
ERCC8	2	718
EREG	2	356
ERF	1	1034
ERG	0	674
ERG28	0	91
ERGIC1	1	445
ERGIC2	0	563
ERGIC3	0	258
ERI1	3	831
ERI2	0	17
ERI3	0	465
ERICH1	5	1171
ERICH3	15	2908
ERICH5	7	613
ERICH6	10	1101
ERICH6B	10	1131
ERLEC1	2	855
ERLIN1	0	243
ERLIN2	0	120
ERMAP	0	13
ERMARD	2	499
ERMN	2	220
ERMP1	4	595
ERN1	4	1550
ERN2	6	1890
ERO1A	1	681
ERO1B	3	418
ERP27	2	402
ERP29	2	432
ERP44	1	516
ERRFI1	3	708
ESAM	4	683
ESCO1	5	1228
ESCO2	5	980
ESD	2	427
ESF1	3	1259
ESM1	1	218
ESPL1	15	2502
ESPNL	19	1957
ESR1	7	924
ESR2	2	922
ESRP1	3	1038
ESRP2	0	15
ESRRB	4	857
ESRRG	0	593
ESS2	3	646
ESYT1	3	1291
ESYT2	6	1564
ESYT3	7	1495
ETAA1	8	1543
ETF1	0	246
ETFA	0	119
ETFB	2	412
ETFBKMT	2	183
ETFDH	0	607
ETHE1	1	302
ETNK1	2	474
ETNK2	0	228
ETNPPL	1	769
ETS1	2	718
ETS2	2	665
ETV1	1	833
ETV2	0	239
ETV3	1	729
ETV3L	8	678
ETV4	3	507
ETV5	2	687
ETV6	2	631
ETV7	7	647
EVA1A	1	305
EVA1B	2	402
EVA1C	2	479
EVC	21	2185
EVC2	11	2569
EVI2A	3	420
EVI2B	0	681
EVI5	5	1002
EVI5L	0	1333
EVL	1	549
EVPL	11	3408
EVX1	3	469
EVX2	1	1038
EWSR1	1	872
EXD1	2	956
EXD2	4	962
EXD3	27	1939
EXO1	18	1518
EXO5	4	537
EXOC1	1	1263
EXOC2	2	1429
EXOC3	1	1126
EXOC3L1	2	133
EXOC3L4	14	1688
EXOC4	2	1656
EXOC5	1	554
EXOC6	6	1275
EXOC6B	4	1231
EXOC7	1	1079
EXOG	2	634
EXOSC10	2	1512
EXOSC2	0	5
EXOSC3	0	343
EXOSC4	1	509
EXOSC5	1	464
EXOSC7	3	532
EXOSC8	0	11
EXOSC9	2	773
EXPH5	19	3249
EXT1	0	1134
EXT2	4	1164
EXTL1	7	771
EXTL2	0	311
EXTL3	1	1547
EYA1	2	923
EYA2	1	871
EYA3	1	728
EYA4	1	915
EYS	18	3452
EZH1	0	695
EZH2	1	843
EZR	1	1075
F10	3	531
F11	1	851
F11R	0	10
F12	4	1277
F13A1	8	1235
F13B	5	1127
F2	2	975
F2R	1	666
F2RL1	4	637
F2RL3	3	872
F3	2	527
F5	24	3402
F7	1	871
FA2H	2	776
FAAH	4	1072
FAAP100	14	1895
FAAP24	1	115
FABP1	1	203
FABP12	0	268
FABP2	1	206
FABP3	0	39
FABP4	1	220
FABP5	1	168
FABP6	4	350
FABP7	2	246
FADD	0	395
FADS1	0	274
FADS2	0	549
FADS3	0	703
FADS6	1	241
FAF1	2	776
FAF2	0	590
FAH	1	757
FAHD1	1	524
FAIM	2	347
FAIM2	1	502
FAM107A	2	378
FAM107B	3	635
FAM110A	6	674
FAM110B	0	666
FAM110D	2	513
FAM111A	3	935
FAM111B	1	1184
FAM114A1	6	974
FAM114A2	3	736
FAM117A	0	595
FAM120A	0	1175
FAM120AOS	0	118
FAM120B	6	1536
FAM124A	5	1003
FAM124B	0	506
FAM131B	0	273
FAM131C	0	98
FAM133B	0	140
FAM135A	1	265
FAM135B	5	1929
FAM13A	4	1642
FAM13B	3	1339
FAM13C	2	698
FAM149B1	2	965
FAM151A	11	1146
FAM151B	1	427
FAM161A	1	280
FAM161B	6	1120
FAM162A	1	221
FAM163A	2	313
FAM167A	3	605
FAM168A	0	363
FAM168B	0	375
FAM169A	0	594
FAM170A	2	623
FAM170B	6	617
FAM171A1	4	1728
FAM171B	1	1227
FAM174A	2	367
FAM174B	2	413
FAM177A1	1	325
FAM177B	3	260
FAM178B	7	787
FAM180A	3	307
FAM181A	6	659
FAM181B	7	1086
FAM184A	5	1755
FAM184B	14	1691
FAM186A	23	3099
FAM186B	13	1462
FAM187B	8	665
FAM193A	9	2235
FAM193B	0	135
FAM194C	12	1593
FAM204A	0	278
FAM209B	3	265
FAM20A	0	14
FAM20B	0	649
FAM20C	6	1337
FAM216A	0	128
FAM216B	2	235
FAM217A	9	775
FAM217B	0	651
FAM219A	0	212
FAM221A	3	545
FAM221B	3	406
FAM222A	2	883
FAM222B	0	49
FAM227A	2	988
FAM227B	1	950
FAM228A	1	341
FAM228B	0	7
FAM229B	2	128
FAM234A	4	718
FAM234B	3	1051
FAM237A	0	86
FAM240A	0	35
FAM240C	1	205
FAM241B	1	208
FAM24A	1	160
FAM32A	0	171
FAM3B	2	352
FAM3C	0	238
FAM3D	2	407
FAM43A	2	914
FAM47E	8	653
FAM50B	1	594
FAM53A	6	986
FAM53B	2	728
FAM53C	1	655
FAM76A	1	454
FAM76B	0	324
FAM78A	2	268
FAM78B	0	431
FAM81A	1	593
FAM81B	6	742
FAM8A1	0	825
FAM91A1	1	981
FAN1	8	1856
FANCA	11	2149
FANCC	6	1020
FANCD2	4	1376
FANCE	3	917
FANCF	3	839
FANCG	2	271
FANCI	8	2146
FANCL	3	772
FANCM	12	2963
FANK1	5	311
FAP	1	1387
FAR1	2	554
FAR2	1	587
FARP1	5	1962
FARP2	12	2041
FARS2	2	798
FARSA	5	833
FARSB	1	916
FAS	0	3
FASLG	0	177
FASN	17	5067
FASTK	3	954
FASTKD1	3	867
FASTKD2	5	1131
FASTKD3	1	263
FAT1	47	8176
FAT2	43	7138
FAT3	27	7841
FAT4	31	8330
FAXC	1	596
FAXDC2	5	602
FBF1	12	2121
FBH1	0	1598
FBL	2	540
FBLIM1	2	503
FBLN1	4	1423
FBLN2	11	2309
FBLN5	1	728
FBLN7	3	755
FBN1	5	3768
FBN2	14	4806
FBN3	47	5214
FBP1	2	557
FBP2	4	635
FBRS	1	894
FBXL12	2	605
FBXL13	7	1044
FBXL14	2	699
FBXL16	0	626
FBXL18	2	1582
FBXL19	0	963
FBXL2	0	14
FBXL20	1	508
FBXL3	0	534
FBXL4	1	981
FBXL5	0	1036
FBXL7	1	879
FBXL8	2	866
FBXO10	2	941
FBXO11	1	884
FBXO15	1	758
FBXO16	4	493
FBXO17	1	643
FBXO2	0	206
FBXO21	0	964
FBXO22	1	426
FBXO24	1	659
FBXO25	0	570
FBXO27	2	599
FBXO28	0	523
FBXO3	1	624
FBXO30	5	1085
FBXO31	1	1089
FBXO32	0	66
FBXO33	2	1058
FBXO34	6	1178
FBXO36	2	245
FBXO38	3	1222
FBXO39	9	778
FBXO4	3	665
FBXO40	5	1181
FBXO41	8	1700
FBXO42	2	1056
FBXO43	2	1066
FBXO44	4	429
FBXO45	0	312
FBXO46	1	1204
FBXO47	4	695
FBXO5	5	709
FBXO6	2	179
FBXO7	2	972
FBXO8	1	425
FBXO9	0	668
FBXW10	1	161
FBXW11	0	569
FBXW12	8	770
FBXW2	0	206
FBXW5	7	1690
FBXW7	0	814
FBXW8	6	1038
FBXW9	2	427
FCAMR	10	1081
FCAR	2	388
FCER1A	5	417
FCER1G	1	135
FCER2	4	637
FCF1	1	311
FCGR2A	2	194
FCGR2B	0	69
FCGRT	3	713
FCHO1	3	1601
FCHO2	3	1151
FCHSD1	2	315
FCHSD2	0	1007
FCMR	0	683
FCN1	5	684
FCN2	5	641
FCN3	3	518
FCRL1	5	671
FCRL2	5	979
FCRL3	10	1442
FCRL4	9	973
FCRL5	2	811
FCRL6	3	271
FCRLA	4	639
FCRLB	4	561
FCSK	11	2149
FDCSP	0	144
FDFT1	1	1368
FDPS	1	410
FDX2	0	6
FDXACB1	6	1021
FDXR	1	413
FECH	4	659
FEM1B	0	776
FEM1C	0	835
FER	4	1323
FER1L5	1	259
FER1L6	3	620
FERD3L	1	397
FERMT1	6	1061
FERMT2	2	949
FERMT3	3	1006
FERRY3	0	605
FES	3	1080
FETUB	5	695
FEZ1	2	608
FEZ2	1	321
FEZF1	0	65
FEZF2	0	779
FFAR1	1	51
FFAR2	2	638
FFAR4	1	539
FGA	3	1128
FGB	3	778
FGD2	8	1218
FGD3	4	1292
FGD4	0	363
FGD5	3	1179
FGD6	8	2077
FGF1	1	259
FGF10	1	309
FGF11	0	486
FGF12	0	213
FGF14	0	319
FGF17	0	369
FGF18	0	306
FGF20	1	568
FGF21	1	453
FGF23	1	444
FGF3	0	584
FGF4	2	465
FGF5	3	537
FGF6	4	418
FGF7	0	141
FGF8	1	444
FGF9	0	288
FGFBP1	1	438
FGFBP2	5	448
FGFR1	1	1028
FGFR1OP2	0	321
FGFR2	2	914
FGFR3	0	779
FGFR4	4	1500
FGFRL1	5	1202
FGG	3	676
FGGY	7	1009
FGL1	9	867
FGL2	1	650
FGR	0	831
FH	0	763
FHAD1	15	2141
FHDC1	10	2138
FHIP1A	6	1671
FHIP1B	6	1714
FHIP2A	1	1060
FHIP2B	5	1564
FHIT	0	228
FHL2	2	459
FHL3	4	498
FHL5	4	493
FHOD1	4	2156
FHOD3	10	2530
FIBCD1	1	659
FIBIN	2	399
FICD	1	189
FIG4	3	1462
FIGLA	1	431
FIGN	1	1283
FIGNL1	5	1115
FILIP1	6	1895
FILIP1L	3	1798
FIP1L1	0	566
FIRRM	6	1316
FIS1	1	312
FITM2	1	423
FIZ1	2	1057
FJX1	2	1072
FKBP10	5	1118
FKBP11	0	183
FKBP14	0	356
FKBP15	11	1972
FKBP1A	0	98
FKBP1B	0	59
FKBP3	0	384
FKBP4	1	750
FKBP5	2	617
FKBP6	1	292
FKBP7	0	227
FKBP8	2	688
FKBP9	0	175
FKBPL	3	523
FKRP	4	1162
FKTN	5	751
FLACC1	1	514
FLAD1	0	972
FLCN	2	1010
FLG	9	1227
FLG2	20	3931
FLI1	0	580
FLII	2	947
FLNB	14	4340
FLNC	9	4037
FLOT1	0	213
FLOT2	1	738
FLRT1	5	1139
FLRT2	4	1133
FLT1	6	1880
FLT3	5	1545
FLT3LG	0	266
FLT4	13	2475
FLVCR1	3	505
FLVCR2	3	969
FLYWCH1	11	2045
FLYWCH2	2	285
FMC1	1	214
FMN1	29	3594
FMN2	3	2014
FMNL1	2	1839
FMNL2	4	1469
FMNL3	2	1142
FMO1	4	903
FMO2	13	897
FMO3	7	965
FMO4	3	913
FMO5	3	893
FMOD	2	689
FN1	13	3959
FN3K	1	584
FN3KRP	4	633
FNBP1	3	883
FNBP1L	0	780
FNBP4	8	1584
FNDC1	26	3807
FNDC11	1	630
FNDC3A	2	1717
FNDC3B	4	1778
FNDC5	0	228
FNDC7	10	1214
FNDC8	4	560
FNDC9	3	409
FNIP1	5	1644
FNIP2	8	1743
FNTA	1	632
FNTB	1	716
FOCAD	19	3861
FOLR1	1	403
FOLR2	0	407
FOS	2	636
FOSB	0	604
FOSL1	0	262
FOSL2	0	519
FOXA1	3	1003
FOXA2	3	1036
FOXA3	0	601
FOXB1	0	638
FOXB2	1	855
FOXF1	1	799
FOXG1	0	589
FOXI1	2	717
FOXI2	2	808
FOXJ1	0	69
FOXJ2	1	920
FOXJ3	3	916
FOXK1	4	1383
FOXK2	7	1422
FOXL1	4	858
FOXL2NB	1	354
FOXM1	5	1356
FOXN1	4	1185
FOXN2	0	809
FOXN3	0	421
FOXN4	4	881
FOXO1	2	1131
FOXO3	2	334
FOXP1	2	1142
FOXP2	0	908
FOXP4	2	1251
FOXR1	2	559
FOXRED1	2	924
FOXRED2	7	1310
FPGS	2	624
FPR1	7	621
FPR2	1	564
FPR3	1	496
FRA10AC1	5	477
FRAS1	47	6761
FREM1	11	2651
FREM2	21	5781
FREM3	18	3746
FRK	3	883
FRMD1	9	1135
FRMD3	5	956
FRMD4A	0	1809
FRMD4B	7	1972
FRMD5	2	760
FRMD6	1	978
FRMD8	1	758
FRMPD1	13	2547
FRMPD2	10	1668
FRRS1	3	1004
FRRS1L	1	402
FRS2	0	764
FRS3	4	928
FRY	7	3701
FRYL	11	4180
FRZB	5	631
FSAF1	2	416
FSBP	0	18
FSCB	12	1363
FSCN2	3	655
FSCN3	2	316
FSD1	2	873
FSD1L	3	722
FSD2	4	1366
FSHB	1	219
FSHR	2	1366
FSIP1	7	937
FSIP2	14	2532
FST	2	468
FSTL1	0	492
FSTL4	7	1392
FSTL5	8	1523
FTCD	7	1347
FTH1	1	234
FTMT	3	583
FTO	1	219
FUBP1	0	887
FUBP3	0	894
FUCA1	2	505
FUCA2	4	769
FUOM	2	339
FURIN	5	1424
FUS	0	819
FUT2	10	647
FUT4	2	1343
FUT5	5	690
FUT7	4	717
FUT8	2	445
FUT9	2	505
FUZ	4	868
FXN	0	121
FXR1	0	539
FXR2	0	341
FXYD2	1	146
FXYD3	1	24
FXYD4	1	157
FXYD5	1	212
FXYD6	1	173
FXYD7	0	130
FYB1	6	1306
FYB2	9	1309
FYCO1	17	2500
FYN	1	518
FYTTD1	1	518
FZD1	1	1355
FZD10	0	1181
FZD2	1	880
FZD3	0	887
FZD5	2	1023
FZD6	5	1051
FZD7	1	1146
FZD8	0	1096
FZD9	1	974
FZR1	0	655
G0S2	0	206
G2E3	2	764
G3BP1	0	641
G3BP2	0	495
G6PC1	0	584
G6PC2	0	196
G6PC3	0	152
GAA	9	2057
GAB1	1	1058
GAB2	3	1226
GAB4	7	1137
GABARAP	0	137
GABARAPL1	0	115
GABARAPL2	0	209
GABBR1	2	1048
GABBR2	1	1232
GABPA	0	374
GABPB1	2	425
GABPB2	3	623
GABRA1	0	516
GABRA2	0	481
GABRA4	4	819
GABRA5	0	632
GABRA6	5	865
GABRB1	1	687
GABRB2	0	624
GABRB3	1	605
GABRD	2	849
GABRG1	1	840
GABRG2	0	540
GABRG3	1	405
GABRP	5	807
GABRR1	0	730
GABRR2	5	837
GABRR3	0	180
GAD1	1	613
GAD2	4	942
GADD45A	0	191
GADD45B	0	280
GADD45G	0	250
GADL1	3	1077
GAK	10	2600
GAL	2	273
GAL3ST1	4	769
GAL3ST2	9	990
GAL3ST3	2	1069
GALC	8	1342
GALE	0	220
GALK1	1	456
GALK2	1	640
GALM	2	703
GALNS	9	1218
GALNT1	1	695
GALNT10	0	1084
GALNT11	5	473
GALNT12	5	1082
GALNT13	1	827
GALNT14	6	1043
GALNT15	5	1231
GALNT16	5	952
GALNT17	1	950
GALNT18	1	1135
GALNT2	3	979
GALNT3	2	1038
GALNT5	7	1627
GALNT6	4	1098
GALNT7	4	980
GALNT8	9	1146
GALNT9	1	1300
GALNTL5	7	774
GALNTL6	0	701
GALP	2	241
GALR1	2	671
GALT	1	439
GAMT	1	175
GAN	0	17
GANAB	4	1214
GANC	12	1611
GAP43	0	415
GAPDH	0	18
GAPDHS	1	263
GAPT	3	307
GAPVD1	3	2129
GAR1	2	339
GAREM1	4	1506
GAREM2	2	847
GARIN1A	3	256
GARIN1B	2	556
GARIN2	1	668
GARIN3	7	1082
GARIN4	11	1111
GARIN6	2	449
GARNL3	1	1170
GARRE1	4	1767
GARS1	3	1204
GART	3	1323
GAS2	2	511
GAS2L2	1	255
GAS2L3	7	1153
GAS6	4	1354
GAS7	0	737
GASK1A	6	1055
GASK1B	3	986
GAST	2	186
GATA2	4	872
GATA3	0	851
GATA4	5	1040
GATA6	2	1217
GATAD1	2	413
GATAD2A	2	1186
GATAD2B	1	747
GATB	2	1004
GATC	0	88
GATD1	0	559
GATM	1	599
GBE1	9	1256
GBF1	2	2847
GBGT1	2	131
GBP2	7	978
GBP3	1	235
GBP4	13	1074
GBP5	6	1038
GBP6	11	1085
GBP7	8	1040
GBX1	1	667
GBX2	1	652
GC	4	825
GCA	3	392
GCAT	7	811
GCC1	0	736
GCC2	6	2509
GCDH	0	795
GCFC2	13	1433
GCG	1	326
GCGR	3	942
GCH1	0	1
GCK	0	203
GCKR	5	855
GCLC	0	90
GCLM	0	389
GCM1	1	589
GCM2	4	792
GCN1	3	4119
GCNT1	3	683
GCNT2	7	1974
GCNT3	4	1021
GCNT4	3	686
GCSAM	1	283
GCSAML	2	199
GDA	2	687
GDAP1	0	584
GDAP1L1	1	581
GDAP2	1	816
GDE1	0	502
GDF10	1	1121
GDF11	1	551
GDF15	3	706
GDF2	1	822
GDF3	3	642
GDF5	2	969
GDF6	1	891
GDF7	3	961
GDF9	2	634
GDI2	0	227
GDNF	2	377
GDPD1	0	431
GDPD3	0	2
GDPD4	5	907
GDPD5	1	1112
GDPGP1	9	697
GEM	3	528
GEMIN2	1	452
GEMIN4	0	32
GEMIN5	9	2457
GEMIN6	1	374
GEN1	13	1540
GET1	1	238
GET3	0	296
GET4	0	618
GFAP	7	814
GFER	2	485
GFI1	2	736
GFI1B	4	637
GFM1	6	1246
GFM2	5	851
GFOD1	0	489
GFOD2	0	702
GFPT1	0	765
GFPT2	2	1238
GFRA1	3	827
GFRA2	0	33
GFRA3	0	643
GFRAL	7	726
GFUS	1	262
GGA1	1	975
GGA2	2	1151
GGA3	4	725
GGACT	2	371
GGCT	0	193
GGCX	1	1254
GGH	3	540
GGNBP2	0	255
GGPS1	0	337
GGT5	4	1036
GGT6	3	104
GGT7	2	1045
GHDC	1	707
GHITM	2	606
GHR	4	1109
GHRH	1	179
GHRHR	4	864
GHRL	3	271
GHSR	0	765
GID4	0	484
GID8	0	294
GIGYF1	3	2347
GIGYF2	4	1696
GIMAP1	1	665
GIMAP2	4	618
GIMAP4	2	587
GIMAP5	3	550
GIMAP6	9	528
GIMAP7	2	459
GIMAP8	4	1201
GIMD1	5	385
GIN1	2	876
GINM1	2	500
GINS1	1	362
GINS2	1	263
GINS3	0	381
GINS4	0	353
GIP	1	289
GIPC1	0	393
GIPC2	1	280
GIPR	4	866
GIT1	0	1172
GIT2	2	846
GJA10	3	971
GJA3	3	893
GJA4	4	545
GJA5	0	407
GJA8	3	938
GJA9	6	786
GJB2	8	445
GJB3	2	508
GJB5	1	498
GJB6	1	456
GJB7	3	259
GJC1	1	495
GJC2	2	860
GJC3	2	478
GJD2	0	458
GJD4	6	966
GK2	3	916
GK5	0	743
GKAP1	0	282
GKN1	0	338
GKN2	4	357
GLB1	6	1190
GLB1L	2	1175
GLB1L2	4	893
GLB1L3	1	548
GLCCI1	1	1051
GLCE	4	828
GLDC	9	2114
GLDN	10	1181
GLE1	3	1145
GLG1	0	2082
GLI1	5	1889
GLI2	0	130
GLI3	13	3032
GLI4	4	1019
GLIPR1	1	228
GLIPR1L1	0	390
GLIPR1L2	1	654
GLIPR2	0	273
GLIS1	10	1235
GLIS2	3	1044
GLIS3	11	2409
GLMN	3	877
GLO1	1	337
GLOD4	3	592
GLP1R	7	826
GLP2R	7	899
GLRA1	2	674
GLRA3	1	791
GLRB	0	824
GLRX	0	163
GLRX2	0	309
GLRX3	3	544
GLRX5	1	278
GLS	1	896
GLS2	1	865
GLT1D1	3	524
GLT6D1	4	490
GLT8D1	1	602
GLT8D2	3	513
GLTP	0	252
GLUD1	0	597
GLUL	0	511
GLYAT	5	330
GLYATL1	0	606
GLYATL2	0	30
GLYATL3	4	548
GLYCTK	1	480
GLYR1	0	918
GM2A	4	361
GMCL1	0	781
GMDS	0	338
GMEB1	1	776
GMEB2	2	929
GMFB	0	181
GMFG	0	186
GMIP	11	1740
GML	2	274
GMNC	3	573
GMNN	3	331
GMPPA	1	739
GMPPB	2	732
GMPR	2	554
GMPS	1	717
GNA11	0	501
GNA12	0	685
GNA13	2	506
GNA14	4	704
GNA15	2	781
GNAI1	1	511
GNAI2	1	376
GNAI3	1	512
GNAL	1	761
GNAO1	0	339
GNAQ	0	269
GNAS	0	404
GNAT1	0	295
GNAT2	3	540
GNAT3	2	614
GNB1	0	387
GNB1L	6	655
GNB3	1	624
GNB4	1	489
GNB5	2	740
GNE	1	965
GNG11	0	101
GNG12	0	98
GNG13	0	161
GNG2	0	88
GNG4	0	130
GNG5	0	83
GNG7	0	121
GNG8	0	127
GNGT1	0	65
GNL1	1	311
GNL2	1	799
GNLY	3	279
GNPAT	2	976
GNPDA1	0	438
GNPDA2	1	382
GNPNAT1	0	180
GNPTAB	5	1967
GNPTG	0	684
GNRH1	0	87
GNRH2	2	236
GNRHR	3	527
GNS	0	857
GOLGA1	1	360
GOLGA2	4	775
GOLGA3	16	2840
GOLGA4	14	3614
GOLGA5	4	1136
GOLGA7	0	190
GOLGA7B	1	118
GOLGB1	15	4613
GOLIM4	4	1202
GOLM1	0	8
GOLM2	2	662
GOLPH3	0	527
GOLPH3L	1	448
GOLT1A	0	205
GOLT1B	1	216
GON4L	7	2664
GOPC	0	663
GORAB	1	661
GORASP1	2	198
GORASP2	1	748
GOSR1	0	369
GOSR2	1	305
GOT1	0	546
GOT1L1	2	707
GOT2	6	576
GP2	2	993
GP5	3	1172
GP6	13	1251
GP9	2	355
GPA33	4	620
GPAA1	2	227
GPALPP1	3	305
GPAM	4	1300
GPAT3	4	768
GPAT4	0	614
GPATCH1	6	1545
GPATCH11	1	135
GPATCH2	3	872
GPATCH2L	1	718
GPATCH3	2	1012
GPATCH8	0	31
GPBP1	2	715
GPBP1L1	3	871
GPC1	5	1208
GPC2	0	1164
GPC5	3	1029
GPC6	2	946
GPCPD1	3	790
GPD1	4	633
GPD1L	1	573
GPD2	5	1104
GPER1	3	727
GPHB5	4	242
GPHN	2	951
GPI	1	844
GPIHBP1	2	366
GPLD1	13	1545
GPM6A	0	377
GPN1	1	703
GPN2	1	130
GPN3	0	351
GPNMB	8	1021
GPR107	2	888
GPR108	8	1060
GPR12	1	536
GPR132	2	664
GPR135	4	1180
GPR137B	1	142
GPR137C	1	423
GPR139	0	71
GPR141	1	534
GPR142	8	856
GPR148	5	623
GPR149	0	1443
GPR15	3	650
GPR150	3	1099
GPR152	6	864
GPR155	0	1228
GPR156	5	1317
GPR157	4	678
GPR158	5	2114
GPR15LG	2	145
GPR160	0	506
GPR161	1	905
GPR17	3	746
GPR176	1	883
GPR179	12	2081
GPR18	1	565
GPR180	1	795
GPR19	2	602
GPR20	5	751
GPR25	4	805
GPR26	0	610
GPR3	2	529
GPR31	3	625
GPR32	1	668
GPR33	4	555
GPR35	10	614
GPR37	2	1069
GPR37L1	2	747
GPR39	4	968
GPR4	0	599
GPR45	1	683
GPR55	2	576
GPR6	1	794
GPR61	0	279
GPR63	3	661
GPR65	2	531
GPR68	0	726
GPR75	2	1020
GPR78	7	1051
GPR83	2	880
GPR84	5	610
GPR85	0	476
GPR87	1	645
GPR88	1	757
GPRC5A	4	693
GPRC5B	2	692
GPRC5C	2	240
GPRC5D	2	589
GPRC6A	10	1556
GPRIN2	15	1299
GPRIN3	16	1436
GPS1	0	27
GPS2	0	10
GPSM1	3	1351
GPSM2	3	993
GPT2	0	861
GPX2	2	213
GPX3	0	64
GPX4	3	558
GPX5	3	348
GPX6	5	346
GPX7	0	379
GRAMD1A	4	1245
GRAMD1B	4	1172
GRAMD1C	1	1047
GRAMD2A	3	595
GRAMD2B	3	713
GRAMD4	0	970
GRAP2	2	562
GRB10	0	760
GRB14	2	948
GRB2	0	175
GRB7	4	978
GREB1	17	3534
GREB1L	3	2360
GREM1	1	68
GREM2	1	320
GRHL1	2	911
GRHL2	1	910
GRHL3	7	924
GRHPR	2	541
GRIA1	0	1270
GRIA2	0	1000
GRIA4	0	1177
GRID1	2	1709
GRID2	3	1745
GRID2IP	12	2523
GRIFIN	1	6
GRIK1	1	1634
GRIK2	3	1312
GRIK3	1	1462
GRIK4	3	1597
GRIK5	3	1497
GRIN1	1	527
GRIN2A	4	2370
GRIN2B	0	1927
GRIN3A	12	1927
GRIN3B	29	2701
GRINA	1	489
GRIP1	6	1783
GRIP2	4	611
GRK1	2	1070
GRK2	0	882
GRK3	1	887
GRK4	9	977
GRK5	3	647
GRK6	2	757
GRK7	7	942
GRM1	6	1950
GRM2	4	691
GRM3	1	1339
GRM4	1	1338
GRM5	1	1505
GRM6	10	1941
GRM7	2	1550
GRM8	1	1298
GRN	4	1113
GRP	1	314
GRPEL1	0	416
GRPEL2	0	36
GRSF1	1	1040
GRTP1	1	770
GRWD1	4	897
GRXCR1	3	534
GRXCR2	3	472
GSAP	6	1535
GSC	1	599
GSDMA	5	651
GSDMB	7	529
GSDMC	7	983
GSDMD	1	1027
GSDME	3	882
GSE1	9	3530
GSG1	2	248
GSK3A	0	774
GSK3B	0	502
GSN	3	305
GSPT1	0	586
GSR	5	1020
GSS	0	191
GSTA3	4	471
GSTA4	2	311
GSTCD	1	1060
GSTK1	0	432
GSTM2	1	301
GSTM3	2	406
GSTM4	2	328
GSTM5	1	52
GSTO1	1	209
GSTO2	1	438
GSTP1	2	358
GSTZ1	3	397
GSX1	0	587
GSX2	0	629
GTF2A1	0	71
GTF2A1L	3	928
GTF2B	1	404
GTF2E1	5	675
GTF2E2	2	443
GTF2F1	0	760
GTF2F2	0	399
GTF2H1	1	729
GTF2H3	0	442
GTF2H4	1	728
GTF2H5	0	97
GTF2IRD1	0	875
GTF3A	2	352
GTF3C1	6	3159
GTF3C2	2	1180
GTF3C3	3	1235
GTF3C4	2	971
GTF3C5	2	892
GTF3C6	0	211
GTPBP1	1	1022
GTPBP10	5	662
GTPBP2	0	671
GTPBP3	1	323
GTPBP4	1	596
GTPBP8	2	320
GTSE1	11	1342
GTSF1	0	229
GTSF1L	2	245
GUCA1ANB-GUCA1A	1	138
GUCA1B	1	345
GUCA1C	5	270
GUCA2A	2	257
GUCA2B	1	220
GUCD1	0	400
GUCY1A1	2	1171
GUCY1A2	1	1232
GUCY1B1	0	856
GUCY2C	3	1753
GUCY2D	7	2254
GUF1	7	1188
GUK1	0	397
GUSB	2	1101
GXYLT1	4	599
GXYLT2	2	796
GYG1	2	605
GYPA	1	57
GYPC	0	181
GYS1	1	1060
GYS2	5	1169
GZF1	2	1167
GZMA	3	425
GZMB	4	499
GZMH	2	492
GZMK	1	504
GZMM	7	564
H1-1	5	758
H1-10	0	507
H1-2	7	1023
H1-3	3	952
H1-5	5	790
H1-6	6	786
H1-7	4	592
H1-8	3	484
H2AC13	0	10
H2AC14	0	6
H2AC21	0	295
H2AC25	0	274
H2AC4	0	402
H2AC6	0	308
H2AC7	0	470
H2AC8	0	326
H2AZ1	0	112
H2AZ2	0	92
H2BC1	1	353
H2BC11	0	349
H2BC12	0	259
H2BC15	0	240
H2BC5	0	318
H2BC6	2	360
H3-3A	0	58
H3-4	1	454
H3C12	0	275
H3C6	0	486
H4C11	0	170
H4C12	0	158
H4C16	0	249
H4C2	0	427
H4C6	1	365
H4C7	1	225
H4C8	0	341
H4C9	0	253
H6PD	5	1646
HAAO	4	620
HABP2	6	1139
HABP4	0	767
HACD1	4	583
HACD2	0	417
HACD3	1	539
HACD4	0	130
HACE1	1	1203
HACL1	2	897
HACL2	6	1199
HADH	4	525
HADHA	2	1142
HADHB	0	753
HAGH	3	503
HAL	4	1085
HAMP	2	171
HAND1	1	442
HAND2	0	406
HAO1	2	696
HAO2	4	709
HAP1	14	1217
HAPLN1	1	628
HAPLN2	1	701
HAPLN3	4	347
HAPLN4	1	851
HAPSTR1	2	496
HARBI1	0	578
HARS1	1	554
HARS2	1	846
HAS1	6	1413
HAS2	0	608
HAS3	2	433
HAT1	1	578
HAUS1	1	347
HAUS2	1	437
HAUS3	3	1027
HAUS4	1	559
HAUS5	4	1164
HAUS6	2	658
HAUS8	4	749
HAVCR1	7	603
HAVCR2	6	525
HBB	1	278
HBD	2	209
HBE1	0	263
HBEGF	1	316
HBP1	0	736
HBQ1	2	339
HBS1L	3	998
HCAR1	2	650
HCFC1R1	1	327
HCFC2	1	915
HCK	0	63
HCLS1	5	878
HCN1	1	1348
HCN3	0	321
HCN4	7	2236
HCRTR1	4	564
HCRTR2	5	760
HCST	0	177
HDAC1	0	241
HDAC10	4	461
HDAC11	0	621
HDAC2	0	459
HDAC3	1	370
HDAC4	3	1879
HDAC5	3	1678
HDAC7	7	1688
HDAC9	1	1666
HDC	4	1061
HDDC2	1	163
HDDC3	0	311
HDGF	0	222
HDGFL1	1	562
HDGFL2	0	121
HDGFL3	0	300
HDHD2	1	459
HDHD3	2	464
HDHD5	4	767
HDIP1	0	175
HDLBP	2	1600
HEATR1	27	3020
HEATR3	3	1149
HEATR4	11	1468
HEATR5A	10	3029
HEATR5B	2	3538
HEATR6	4	1986
HEATR9	1	190
HEBP1	1	349
HEBP2	2	229
HECA	0	752
HECTD1	3	3144
HECTD2	2	925
HECTD3	0	584
HECTD4	6	4845
HECW1	10	2702
HECW2	2	2290
HEG1	12	2231
HELB	14	1768
HELLS	1	832
HELQ	11	1734
HELT	1	539
HELZ	6	2686
HELZ2	15	2256
HEMGN	0	748
HEMK1	2	575
HEMK2	4	408
HENMT1	2	645
HEPACAM	4	705
HEPACAM2	5	802
HEPHL1	7	2129
HERC1	15	7327
HERC2	3	2878
HERC3	2	1346
HERC4	1	1037
HERC5	5	1859
HERC6	12	1672
HERPUD1	1	609
HERPUD2	2	637
HES1	0	519
HES7	0	531
HESX1	1	292
HEXA	3	949
HEXB	4	956
HEXD	4	516
HEXIM1	0	641
HEXIM2	0	593
HEY1	2	618
HEY2	2	689
HEYL	2	609
HFE	5	566
HFM1	5	2386
HGD	1	815
HGF	2	1080
HGFAC	3	868
HGS	3	1639
HGSNAT	5	1159
HHAT	4	900
HHATL	1	479
HHEX	0	500
HHIP	2	1117
HHIPL1	2	1603
HHIPL2	11	1305
HHLA2	6	583
HIBADH	1	615
HIBCH	4	614
HIC2	3	1120
HID1	0	410
HIF1A	5	1010
HIF1AN	1	497
HIF3A	0	86
HIGD1A	0	123
HIGD1C	2	161
HIGD2A	0	212
HIKESHI	0	266
HILPDA	0	110
HINFP	3	781
HINT1	0	209
HINT2	0	329
HINT3	1	290
HIP1	3	1636
HIP1R	10	2332
HIPK1	0	1741
HIPK2	0	1739
HIPK3	4	1830
HIPK4	5	1108
HIRA	1	1383
HIRIP3	4	1137
HIVEP1	26	4464
HIVEP2	11	3798
HIVEP3	20	4158
HJURP	2	171
HJV	1	829
HK1	0	1258
HK2	5	1386
HK3	9	1883
HKDC1	9	1762
HLA-DMA	4	377
HLA-DMB	3	234
HLA-DOA	5	504
HLA-DOB	4	480
HLA-DPA1	0	33
HLA-DPB1	28	387
HLA-DQA2	6	351
HLA-DQB2	2	366
HLA-DRA	3	336
HLA-E	1	357
HLA-F	5	762
HLCS	5	1123
HLF	0	456
HLTF	10	1549
HLX	5	1012
HM13	0	557
HMBOX1	0	513
HMBS	0	70
HMCES	1	450
HMCN1	27	9445
HMG20A	1	498
HMG20B	2	615
HMGA1	0	122
HMGA2	1	260
HMGB1	0	103
HMGB2	0	246
HMGCL	0	336
HMGCLL1	1	639
HMGCR	1	1095
HMGCS1	0	517
HMGCS2	1	940
HMGN1	1	119
HMGN3	0	129
HMGN4	1	112
HMGXB3	4	1101
HMGXB4	1	858
HMHB1	1	80
HMMR	9	1082
HMOX1	3	562
HMOX2	1	595
HMSD	0	237
HMX2	2	653
HMX3	2	872
HNF1A	4	1101
HNF1B	2	739
HNF4A	1	790
HNF4G	1	676
HNMT	1	458
HNRNPA0	0	496
HNRNPA2B1	0	191
HNRNPA3	0	297
HNRNPC	0	154
HNRNPD	0	400
HNRNPF	1	344
HNRNPH1	0	460
HNRNPH3	0	218
HNRNPK	0	406
HNRNPL	0	755
HNRNPLL	1	441
HNRNPM	0	1223
HNRNPR	0	363
HNRNPU	0	1033
HNRNPUL1	1	1046
HNRNPUL2	2	765
HOATZ	3	369
HOGA1	0	160
HOMER1	0	240
HOMER2	2	659
HOMER3	5	742
HOMEZ	4	794
HOOK1	3	1146
HOOK2	5	1416
HOOK3	0	906
HOPX	0	144
HORMAD1	2	463
HORMAD2	4	521
HOXA1	0	35
HOXA10	2	935
HOXA11	0	551
HOXA2	0	634
HOXA3	0	985
HOXA5	0	524
HOXA7	3	570
HOXA9	1	663
HOXB1	2	555
HOXB13	1	392
HOXB2	3	855
HOXB3	1	890
HOXB6	0	512
HOXB8	1	468
HOXB9	4	547
HOXC10	1	661
HOXC11	2	630
HOXC12	2	632
HOXC13	1	612
HOXC4	3	529
HOXC6	1	395
HOXC8	1	416
HOXC9	1	608
HOXD1	4	762
HOXD10	0	481
HOXD13	0	691
HOXD3	0	762
HOXD4	2	546
HOXD8	1	698
HOXD9	4	770
HP1BP3	1	783
HPCA	0	168
HPCAL1	0	289
HPCAL4	0	314
HPD	6	682
HPDL	1	800
HPGD	0	316
HPGDS	3	398
HPN	0	703
HPS1	7	1066
HPS3	1	1605
HPS4	8	1226
HPS5	9	1793
HPS6	4	1625
HPSE	6	945
HPSE2	3	962
HPX	3	828
HR	23	2172
HRC	9	1112
HRCT1	4	206
HRG	16	981
HRH1	3	782
HRH2	1	514
HRH3	0	551
HRH4	4	605
HRNR	4	674
HROB	5	876
HS1BP3	7	722
HS2ST1	0	321
HS3ST1	1	654
HS3ST2	1	662
HS3ST3A1	4	714
HS3ST3B1	4	712
HS3ST5	3	511
HS3ST6	7	719
HS6ST1	1	181
HS6ST3	3	798
HSBP1	1	169
HSBP1L1	0	56
HSCB	2	433
HSD11B1	0	406
HSD11B1L	0	449
HSD11B2	0	224
HSD17B11	2	459
HSD17B12	0	389
HSD17B13	5	455
HSD17B14	1	342
HSD17B2	2	909
HSD17B3	3	422
HSD17B4	8	1481
HSD17B6	2	521
HSD3B1	5	746
HSD3B2	2	657
HSDL1	1	758
HSDL2	2	532
HSF1	0	341
HSF2	0	751
HSF2BP	0	482
HSF5	3	567
HSH2D	0	4
HSP90AA1	1	1229
HSP90AB1	0	935
HSP90B1	3	1022
HSPA12A	2	1075
HSPA12B	2	532
HSPA13	1	679
HSPA14	1	818
HSPA1L	3	271
HSPA2	1	952
HSPA4	4	1220
HSPA4L	5	1269
HSPA5	0	268
HSPA9	0	1013
HSPB1	1	537
HSPB3	1	262
HSPB6	0	378
HSPB7	0	364
HSPB8	0	350
HSPBAP1	3	711
HSPBP1	2	682
HSPD1	0	181
HSPE1	0	118
HSPG2	26	5186
HSPH1	3	1333
HTATIP2	0	382
HTR1A	3	799
HTR1B	1	692
HTR1D	0	674
HTR1E	1	577
HTR1F	1	596
HTR2A	4	678
HTR2B	4	810
HTR3A	2	975
HTR3B	4	793
HTR3C	5	777
HTR3D	8	481
HTR3E	3	844
HTR4	1	793
HTR5A	1	784
HTR6	1	934
HTR7	0	345
HTRA1	2	893
HTRA2	3	748
HTRA3	3	973
HTRA4	2	919
HTT	18	4984
HUNK	3	1132
HUS1	2	504
HVCN1	2	415
HYAL1	4	727
HYAL2	1	558
HYAL3	1	298
HYAL4	5	824
HYCC1	1	497
HYCC2	0	128
HYI	1	11
HYKK	4	570
IAH1	0	57
IAPP	0	161
IARS1	3	1647
IARS2	3	1287
IBA57	3	953
IBSP	7	547
IBTK	1	1951
ICA1	0	828
ICA1L	2	725
ICAM1	6	839
ICAM3	5	1090
ICAM5	2	1617
ICE1	12	3814
ICE2	2	1129
ICMT	3	462
ICOS	0	306
ID1	3	515
ID2	0	271
ID3	3	309
IDE	0	1450
IDH1	3	608
IDH2	1	565
IDH3A	1	297
IDH3B	0	234
IDI1	0	191
IDI2	1	475
IDNK	1	167
IDO1	1	314
IDUA	8	1685
IER3	1	246
IER3IP1	0	153
IER5	7	834
IFFO1	0	399
IFFO2	1	275
IFI16	9	1134
IFI27L1	1	201
IFI27L2	0	258
IFI30	1	236
IFI35	0	5
IFI44	3	898
IFI44L	9	875
IFI6	0	276
IFIH1	12	1729
IFIT1	1	735
IFIT1B	3	778
IFIT5	3	755
IFITM1	1	215
IFITM10	0	150
IFITM5	1	331
IFNA2	1	368
IFNA5	3	379
IFNA6	3	353
IFNA8	1	352
IFNAR1	3	917
IFNAR2	3	405
IFNB1	2	381
IFNG	0	220
IFNGR1	1	766
IFNGR2	6	550
IFNL1	2	395
IFNLR1	2	936
IFNW1	2	414
IFRD1	1	747
IFT122	3	1663
IFT140	5	1055
IFT172	4	2561
IFT22	0	312
IFT27	1	329
IFT38	5	814
IFT43	1	420
IFT46	3	523
IFT52	1	696
IFT54	8	1187
IFT56	1	754
IFT57	2	745
IFT74	6	1018
IFT80	2	1187
IFT81	3	1043
IFT88	9	1349
IFTAP	1	352
IGDCC3	4	1585
IGDCC4	13	2318
IGF1	1	242
IGF1R	3	342
IGF2BP1	2	749
IGF2BP2	0	716
IGF2BP3	1	744
IGF2R	13	4279
IGFALS	6	1563
IGFBP1	3	520
IGFBP2	0	508
IGFBP4	0	482
IGFBP5	1	514
IGFBP6	1	491
IGFBP7	1	599
IGFL1	2	225
IGFL2	3	207
IGFL3	2	222
IGFL4	2	196
IGFLR1	6	750
IGFN1	16	2524
IGHMBP2	9	1894
IGLL1	1	146
IGLL5	2	490
IGLON5	0	272
IGSF10	18	3478
IGSF11	3	674
IGSF21	3	950
IGSF22	16	1370
IGSF23	1	319
IGSF3	5	641
IGSF5	11	733
IGSF6	2	434
IGSF8	1	1096
IGSF9	4	1422
IGSF9B	4	2511
IHH	1	725
IHO1	2	859
IK	2	370
IKBIP	3	1065
IKBKB	0	193
IKBKE	2	867
IKZF1	0	782
IKZF2	2	819
IKZF3	1	308
IKZF4	2	876
IKZF5	0	502
IL10RA	10	968
IL10RB	2	508
IL11	2	480
IL11RA	1	195
IL12A	1	402
IL12B	3	528
IL12RB1	7	993
IL12RB2	6	1429
IL13	1	274
IL15	0	273
IL15RA	1	280
IL16	8	2036
IL17A	0	289
IL17B	0	356
IL17C	0	529
IL17F	3	318
IL17RA	7	1942
IL17RB	7	907
IL17RC	13	1636
IL17RD	5	1508
IL17RE	6	721
IL17REL	5	727
IL18	0	239
IL18BP	1	374
IL18R1	1	876
IL18RAP	4	995
IL19	1	300
IL1A	2	452
IL1B	0	394
IL1F10	4	293
IL1R1	4	600
IL1R2	2	805
IL1RAP	0	937
IL1RN	1	345
IL2	0	204
IL20	0	309
IL20RA	6	980
IL20RB	1	518
IL21	0	33
IL21R	4	910
IL22	1	336
IL22RA1	5	1070
IL22RA2	2	466
IL23A	0	273
IL23R	6	911
IL24	5	373
IL25	2	357
IL26	0	293
IL27	2	409
IL27RA	4	1136
IL2RA	2	469
IL2RB	5	947
IL3	3	262
IL31	1	268
IL31RA	4	1204
IL32	3	291
IL33	2	586
IL33R	12	1122
IL34	6	578
IL36A	2	290
IL36B	1	305
IL36G	1	301
IL36R	5	1120
IL36RN	2	312
IL37	7	396
IL4	0	274
IL40	5	166
IL4I1	2	371
IL4R	14	1412
IL5	0	229
IL5RA	2	864
IL6	3	377
IL6R	0	675
IL6ST	6	953
IL7	1	245
IL7R	7	904
IL9	1	261
ILDR1	7	996
ILDR2	1	1223
ILF2	0	437
ILF3	1	1129
ILK	1	602
ILKAP	1	569
ILRUN	0	312
IMMP1L	1	264
IMMP2L	0	335
IMMT	4	639
IMP3	2	477
IMPA1	2	416
IMPA2	3	509
IMPACT	2	536
IMPDH1	3	1019
IMPDH2	0	516
IMPG1	6	1341
IMPG2	3	2038
INA	2	926
INAVA	4	808
INCENP	10	1641
INF2	5	1550
ING1	1	442
ING2	0	383
ING3	0	493
ING4	0	246
ING5	0	377
INHA	4	683
INHBA	1	622
INHBB	1	807
INHBC	2	552
INIP	0	50
INKA1	1	503
INKA2	0	558
INMT	10	503
INO80	3	2198
INO80B	0	673
INO80C	1	86
INO80D	5	1341
INO80E	2	257
INPP1	1	653
INPP4A	2	1525
INPP4B	4	1475
INPP5A	1	468
INPP5B	5	1534
INPP5D	4	1717
INPP5E	1	758
INPP5F	0	460
INPP5J	5	1327
INPP5K	1	688
INPPL1	4	2136
INS	0	189
INSC	11	1160
INSIG1	0	436
INSIG2	0	289
INSL3	3	282
INSL4	3	327
INSL5	2	252
INSL6	4	576
INSR	3	2109
INSRR	4	2432
INSYN1	0	32
INSYN2B	4	879
INTS1	5	4992
INTS10	2	1196
INTS11	0	30
INTS12	2	652
INTS13	0	815
INTS14	0	593
INTS15	1	733
INTS2	2	1739
INTS3	1	914
INTS4	0	219
INTS5	1	1752
INTS6	2	941
INTS7	1	1333
INTS8	2	1105
INTS9	0	1059
INTU	5	1518
INVS	4	1410
IP6K1	1	279
IP6K2	0	259
IP6K3	8	738
IPCEF1	1	681
IPMK	0	114
IPO11	2	1504
IPO13	2	927
IPO4	2	852
IPO5	1	1536
IPO7	0	908
IPO8	2	1463
IPO9	0	1430
IPP	3	907
IPPK	3	702
IQCB1	6	905
IQCC	6	821
IQCE	17	1423
IQCF1	3	340
IQCF2	2	252
IQCF3	2	286
IQCF5	0	2
IQCF6	5	194
IQCH	5	1586
IQCJ	0	217
IQCK	0	203
IQCN	19	1963
IQGAP1	4	2591
IQGAP2	15	2578
IQGAP3	11	2726
IQSEC1	2	1754
IQSEC3	4	1534
IQUB	6	1347
IRAG1	15	1622
IRAG2	3	469
IRAK1BP1	2	495
IRAK2	12	1165
IRAK3	6	1038
IRAK4	2	490
IREB2	4	1332
IRF1	0	393
IRF2	0	488
IRF2BP1	1	1063
IRF2BP2	3	1558
IRF2BPL	2	1919
IRF3	1	91
IRF4	1	668
IRF5	0	759
IRF6	1	461
IRF8	3	810
IRF9	0	308
IRGC	3	898
IRGM	0	110
IRS1	5	2379
IRS2	5	3308
IRX1	1	1147
IRX3	4	1151
IRX4	2	1208
IRX5	2	1005
IRX6	3	1039
ISCA1	0	2
ISCU	0	84
ISG20	0	366
ISG20L2	3	569
ISL1	0	543
ISL2	0	727
ISLR	3	794
ISLR2	2	1418
ISM1	3	800
ISM2	0	133
ISOC1	0	588
ISOC2	1	445
IST1	0	591
ISX	8	474
ISY1	0	385
ITCH	0	1089
ITFG1	1	788
ITFG2	0	779
ITGA1	7	1936
ITGA10	14	1963
ITGA11	8	2180
ITGA2	9	1896
ITGA2B	3	1886
ITGA3	6	1642
ITGA4	5	1426
ITGA5	2	1713
ITGA6	5	1573
ITGA7	6	2063
ITGA8	5	2042
ITGA9	5	1791
ITGAD	4	1274
ITGAE	9	2167
ITGAL	4	1916
ITGAM	8	2045
ITGAV	3	1750
ITGAX	5	1812
ITGB1	0	918
ITGB1BP1	0	247
ITGB2	3	1497
ITGB3	5	1293
ITGB4	9	3502
ITGB5	6	1353
ITGB6	4	1474
ITGB7	5	1453
ITGB8	3	1215
ITGBL1	4	772
ITIH1	6	1784
ITIH2	8	1669
ITIH3	7	869
ITIH4	12	1647
ITIH5	13	1756
ITK	2	968
ITLN1	2	541
ITLN2	0	1
ITM2B	1	281
ITM2C	2	497
ITPA	1	280
ITPK1	1	765
ITPKA	0	876
ITPKB	9	1856
ITPKC	1	480
ITPR1	5	2364
ITPR2	7	4033
ITPR3	4	3851
ITPRID1	9	1692
ITPRID2	9	2160
ITPRIP	3	1050
ITPRIPL1	4	930
ITPRIPL2	2	1073
ITSN1	1	939
ITSN2	12	2685
IVD	0	161
IVL	6	1064
IVNS1ABP	0	614
IWS1	1	1177
IYD	7	531
IZUMO1	1	126
IZUMO1R	4	474
IZUMO2	2	452
IZUMO3	1	258
JADE1	4	1070
JADE2	2	1313
JAG1	4	1678
JAG2	6	2425
JAGN1	0	78
JAK1	1	1228
JAK2	3	2021
JAK3	3	1963
JAKMIP1	0	1267
JAKMIP2	1	1015
JAKMIP3	2	1514
JAM2	2	412
JAM3	0	678
JAML	5	627
JARID2	3	1963
JAZF1	0	261
JCAD	7	2437
JCHAIN	0	225
JDP2	2	317
JHY	2	1393
JKAMP	1	321
JMJD1C	14	2907
JMJD6	0	577
JMJD7	3	553
JMY	6	1764
JOSD1	1	110
JOSD2	0	145
JPH1	4	1203
JPH2	2	1497
JPH3	8	1923
JPH4	0	715
JPT1	0	33
JPT2	1	381
JTB	1	231
JUN	0	628
JUNB	0	31
JUP	3	1321
KALRN	12	4444
KANK1	1	526
KANK2	12	1737
KANK4	3	349
KANSL1	5	1564
KANSL1L	7	1587
KANSL2	0	278
KANSL3	0	113
KARS1	4	1122
KASH5	6	955
KAT14	6	1298
KAT2A	1	1246
KAT2B	5	1226
KAT5	0	149
KAT6A	4	2974
KAT6B	3	2742
KAT7	1	624
KAT8	0	600
KATNA1	1	449
KATNAL1	2	702
KATNAL2	1	851
KATNB1	1	561
KATNBL1	0	379
KATNIP	15	2936
KAZALD1	5	664
KAZN	3	1392
KBTBD12	0	352
KBTBD13	6	1384
KBTBD2	0	802
KBTBD3	1	916
KBTBD6	0	858
KBTBD7	1	986
KBTBD8	3	929
KCMF1	0	436
KCNA1	0	753
KCNA10	4	980
KCNA2	0	526
KCNA3	1	930
KCNA4	1	945
KCNA5	6	1415
KCNA6	0	767
KCNA7	3	966
KCNAB1	2	710
KCNAB2	0	518
KCNAB3	0	443
KCNB1	4	1104
KCNB2	2	1307
KCNC1	0	792
KCNC2	2	989
KCNC3	4	1203
KCNC4	3	1216
KCND2	0	821
KCND3	2	894
KCNE2	1	203
KCNE3	1	179
KCNE4	1	348
KCNF1	1	804
KCNG1	0	820
KCNG3	0	852
KCNG4	10	1307
KCNH1	2	1299
KCNH2	3	2040
KCNH3	6	1713
KCNH4	1	1646
KCNH5	2	1407
KCNH6	7	1808
KCNH7	4	1745
KCNH8	6	1811
KCNIP1	0	406
KCNIP2	1	267
KCNIP3	1	462
KCNIP4	0	244
KCNJ1	2	639
KCNJ10	1	313
KCNJ11	3	502
KCNJ13	1	495
KCNJ14	2	640
KCNJ15	2	591
KCNJ16	1	727
KCNJ2	0	534
KCNJ3	1	517
KCNJ4	0	552
KCNJ5	1	679
KCNJ6	0	126
KCNJ8	2	490
KCNJ9	0	417
KCNK1	0	246
KCNK10	3	916
KCNK13	7	719
KCNK15	1	202
KCNK16	5	456
KCNK17	2	401
KCNK18	5	674
KCNK2	0	587
KCNK3	0	680
KCNK5	6	816
KCNK6	6	656
KCNK9	0	539
KCNMA1	0	1389
KCNMB1	5	383
KCNMB2	0	349
KCNMB3	3	213
KCNMB4	0	283
KCNN1	0	990
KCNN2	0	955
KCNN3	1	945
KCNN4	0	2
KCNQ1	2	1262
KCNQ2	4	1382
KCNQ3	3	1341
KCNQ4	1	1316
KCNQ5	2	1381
KCNRG	0	428
KCNS1	4	1039
KCNS2	1	772
KCNS3	2	804
KCNT1	8	2323
KCNT2	2	1565
KCNU1	6	1987
KCNV1	0	605
KCNV2	4	1837
KCP	15	1711
KCTD1	0	102
KCTD10	0	433
KCTD12	0	732
KCTD13	0	381
KCTD14	0	506
KCTD15	0	424
KCTD16	2	648
KCTD18	5	752
KCTD19	5	1505
KCTD2	0	193
KCTD20	1	190
KCTD21	0	456
KCTD3	2	1136
KCTD5	0	180
KCTD6	0	19
KCTD7	1	429
KCTD8	0	977
KCTD9	0	307
KDELR1	0	133
KDELR2	0	411
KDELR3	3	440
KDF1	4	699
KDM1A	1	811
KDM1B	5	828
KDM2A	0	1220
KDM2B	1	1915
KDM3A	5	2014
KDM3B	5	2081
KDM4A	3	1239
KDM4B	2	1966
KDM4C	9	2051
KDM4D	6	701
KDM4E	9	846
KDM5A	7	2535
KDM5B	3	2123
KDM6B	9	3202
KDM7A	4	1411
KDM8	1	753
KDR	6	2153
KDSR	0	418
KEAP1	1	926
KEL	4	1389
KERA	0	630
KGD4	0	49
KHDC1	2	290
KHDC1L	0	245
KHDC3L	1	224
KHDC4	0	628
KHDRBS2	2	707
KHDRBS3	0	545
KHK	3	603
KHNYN	2	1228
KHSRP	0	954
KIAA0040	1	130
KIAA0232	5	2209
KIAA0319	12	1789
KIAA0319L	4	1523
KIAA0408	0	6
KIAA0513	2	892
KIAA0586	8	2306
KIAA0753	14	1697
KIAA0825	2	1206
KIAA0930	1	816
KIAA1143	0	98
KIAA1191	0	248
KIAA1217	9	2172
KIAA1328	3	937
KIAA1549	18	3302
KIAA1549L	7	3067
KIAA1586	4	1233
KIAA1614	12	1906
KIAA1671	12	3459
KIAA1755	8	2257
KIAA1958	0	1178
KIAA2012	0	39
KICS2	3	714
KIDINS220	2	2597
KIF11	2	1274
KIF12	0	97
KIF13A	6	2823
KIF13B	5	2192
KIF14	8	2461
KIF15	14	2062
KIF16B	12	2107
KIF17	15	1960
KIF18A	6	1484
KIF18B	1	125
KIF19	0	15
KIF1A	4	2652
KIF1B	5	2430
KIF1C	4	1226
KIF20B	21	3002
KIF21A	6	2464
KIF21B	2	2684
KIF22	2	1349
KIF23	4	1324
KIF24	6	960
KIF25	9	759
KIF26A	16	4263
KIF26B	14	4282
KIF2A	1	683
KIF2B	14	1338
KIF2C	2	1120
KIF3A	1	838
KIF3B	1	1001
KIF3C	0	1207
KIF4B	8	1216
KIF5A	4	1267
KIF5B	1	1185
KIF5C	2	1166
KIF6	5	1391
KIF7	5	2012
KIF9	4	1311
KIFAP3	1	1178
KIFBP	1	676
KIFC2	5	2347
KIFC3	1	1538
KIN	0	559
KIR2DL4	6	523
KIR3DL3	0	57
KIRREL1	2	1250
KIRREL2	9	1136
KIRREL3	2	643
KISS1	4	289
KISS1R	2	930
KIT	2	1336
KITLG	1	374
KIZ	0	182
KL	6	1836
KLB	7	1751
KLC1	1	874
KLC2	1	390
KLC4	0	390
KLF10	3	788
KLF11	3	1129
KLF12	0	631
KLF14	4	868
KLF15	0	749
KLF17	1	47
KLF3	0	492
KLF4	1	1153
KLF5	0	786
KLF6	0	1
KLF7	0	375
KLF9	2	369
KLHDC1	1	667
KLHDC10	2	566
KLHDC2	0	632
KLHDC4	10	1524
KLHDC7A	16	1655
KLHDC8A	0	642
KLHDC8B	0	581
KLHL1	2	1343
KLHL10	1	745
KLHL11	1	953
KLHL12	0	373
KLHL14	0	958
KLHL17	0	330
KLHL18	0	976
KLHL2	0	478
KLHL20	2	711
KLHL21	1	1496
KLHL22	0	974
KLHL24	0	758
KLHL25	3	1425
KLHL26	0	1399
KLHL28	2	822
KLHL29	2	1030
KLHL3	0	803
KLHL30	6	1217
KLHL31	4	1170
KLHL32	2	226
KLHL36	1	1258
KLHL38	11	1187
KLHL40	5	1356
KLHL41	4	921
KLHL42	0	790
KLHL5	1	1021
KLHL6	2	1108
KLHL7	0	694
KLHL8	0	835
KLHL9	1	932
KLK1	4	475
KLK10	3	598
KLK12	3	543
KLK13	0	182
KLK14	7	488
KLK15	0	28
KLK2	3	497
KLK3	5	500
KLK4	6	531
KLK5	2	541
KLK6	3	416
KLK7	1	146
KLK8	0	1
KLK9	0	501
KLKB1	8	1097
KLRB1	3	337
KLRC1	1	248
KLRC3	0	124
KLRC4	2	224
KLRD1	1	276
KLRF1	1	280
KLRF2	4	291
KLRG1	0	270
KLRG2	4	970
KMO	0	325
KMT2A	8	4815
KMT2B	1	2832
KMT2C	9	6009
KMT2D	20	8989
KMT2E	0	593
KMT5A	1	392
KMT5B	2	1124
KMT5C	0	924
KNCN	0	5
KNDC1	23	3586
KNG1	3	747
KNL1	16	3842
KNOP1	6	774
KNSTRN	5	606
KNTC1	11	3574
KPLCE	4	482
KPNA1	1	607
KPNA2	3	498
KPNA3	1	573
KPNA4	0	498
KPNA5	1	806
KPNA6	0	611
KPNA7	2	991
KPNB1	1	797
KPRP	11	1177
KPTN	0	296
KRABD1	1	227
KRABD2	3	614
KRABD3	16	2016
KRAS	0	194
KRCC1	2	401
KREMEN1	4	841
KRI1	7	743
KRIT1	1	993
KRR1	1	573
KRT1	4	994
KRT10	4	869
KRT12	6	898
KRT13	8	914
KRT15	4	871
KRT18	3	607
KRT19	5	710
KRT2	5	1260
KRT20	5	792
KRT222	0	54
KRT23	3	741
KRT24	5	936
KRT25	4	792
KRT26	5	648
KRT27	11	859
KRT28	5	860
KRT3	4	1246
KRT31	4	783
KRT32	17	888
KRT33A	6	829
KRT33B	7	812
KRT34	5	798
KRT35	4	849
KRT36	12	970
KRT37	8	453
KRT38	3	494
KRT39	6	842
KRT4	0	174
KRT40	17	864
KRT5	7	1108
KRT7	10	925
KRT71	10	1067
KRT72	13	1108
KRT73	5	1063
KRT74	16	1107
KRT75	12	1134
KRT76	12	1262
KRT77	10	1121
KRT78	10	1019
KRT79	6	734
KRT8	6	741
KRT80	4	796
KRT81	1	222
KRT82	9	1061
KRT83	10	1006
KRT84	12	1260
KRT85	3	1009
KRT86	0	176
KRT9	2	1091
KRTAP1-1	3	273
KRTAP1-3	3	265
KRTAP1-5	7	358
KRTAP11-1	3	270
KRTAP13-1	2	319
KRTAP13-2	5	346
KRTAP13-4	5	299
KRTAP15-1	1	256
KRTAP16-1	7	982
KRTAP17-1	1	209
KRTAP19-1	1	173
KRTAP19-2	3	105
KRTAP19-4	2	155
KRTAP19-6	1	96
KRTAP19-7	0	121
KRTAP19-8	1	110
KRTAP2-3	4	152
KRTAP2-4	2	153
KRTAP20-2	0	124
KRTAP20-3	0	71
KRTAP21-2	2	150
KRTAP21-3	1	90
KRTAP22-1	2	71
KRTAP22-2	0	75
KRTAP23-1	1	108
KRTAP24-1	2	500
KRTAP25-1	1	193
KRTAP26-1	5	400
KRTAP27-1	3	384
KRTAP29-1	5	501
KRTAP3-1	0	183
KRTAP3-2	4	171
KRTAP3-3	0	160
KRTAP4-1	3	221
KRTAP4-12	1	73
KRTAP4-2	1	244
KRTAP4-3	2	263
KRTAP4-4	9	293
KRTAP4-5	10	292
KRTAP4-6	6	396
KRTAP5-1	1	426
KRTAP5-6	2	239
KRTAP5-9	8	273
KRTAP6-1	2	125
KRTAP7-1	2	148
KRTAP8-1	0	118
KRTAP9-1	3	451
KRTAP9-2	1	272
KRTAP9-3	1	224
KRTAP9-4	3	283
KRTAP9-8	1	305
KRTAP9-9	4	145
KRTCAP2	0	231
KRTDAP	0	182
KSR1	4	1446
KSR2	5	1423
KTI12	3	728
KTN1	2	1245
KXD1	2	306
KY	2	1058
KYAT1	1	745
KYAT3	2	705
KYNU	1	810
L2HGDH	0	590
L3HYPDH	7	810
L3MBTL1	3	508
L3MBTL2	2	1157
L3MBTL3	1	1182
L3MBTL4	2	1072
LACC1	2	621
LACRT	0	251
LACTB	8	967
LACTB2	0	475
LAD1	8	915
LAG3	3	1057
LAIR1	1	297
LALBA	1	229
LAMA1	32	5555
LAMA2	20	5471
LAMA3	15	5594
LAMA4	10	3017
LAMA5	64	8448
LAMB1	9	2981
LAMB2	8	3104
LAMB3	8	1763
LAMB4	11	3060
LAMC1	6	2650
LAMC2	18	2056
LAMC3	19	2667
LAMP1	2	469
LAMP3	1	709
LAMP5	1	566
LAMTOR1	0	222
LAMTOR2	0	99
LAMTOR3	0	169
LAMTOR4	0	1
LAMTOR5	3	379
LANCL1	1	773
LANCL2	2	840
LAP3	2	932
LAPTM4A	1	421
LAPTM4B	0	295
LAPTM5	3	499
LARGE1	5	1295
LARGE2	3	1045
LARP1	2	1332
LARP1B	5	1457
LARP4	4	638
LARP4B	2	1147
LARP6	2	914
LARP7	2	977
LARS1	5	781
LARS2	2	874
LASP1	0	394
LAT	0	101
LAT2	1	443
LATS1	4	1542
LATS2	6	1969
LAX1	0	6
LAYN	2	618
LBH	0	178
LBHD1	1	487
LBP	15	909
LBR	1	985
LBX1	0	541
LCA5	4	1161
LCA5L	8	966
LCAT	1	719
LCE1A	1	203
LCE1B	2	214
LCE1C	0	95
LCE1F	1	230
LCE2A	3	223
LCE2B	2	254
LCE2C	1	247
LCE2D	2	226
LCE3A	1	180
LCE4A	3	160
LCE5A	3	205
LCE6A	0	151
LCK	2	736
LCLAT1	1	652
LCMT1	0	112
LCMT2	5	1581
LCN10	0	168
LCN12	1	180
LCN15	2	387
LCN2	2	353
LCN6	2	59
LCN8	0	3
LCN9	2	286
LCOR	12	2855
LCP1	2	852
LCP2	2	924
LCT	6	2504
LCTL	4	603
LDAF1	3	230
LDAH	2	498
LDB1	0	535
LDB2	0	526
LDB3	5	1203
LDHA	1	282
LDHAL6A	1	218
LDHB	0	491
LDHC	2	457
LDHD	2	1220
LDLR	2	1724
LDLRAD1	1	403
LDLRAD2	1	603
LDLRAD3	4	605
LDLRAD4	2	527
LDLRAP1	2	574
LECT2	3	244
LEF1	2	592
LEKR1	1	188
LELP1	0	192
LEMD1	1	118
LEMD2	2	968
LEMD3	0	1777
LENG8	3	1471
LEO1	1	937
LEP	1	259
LEPR	4	1753
LEPROT	0	1
LEPROTL1	0	191
LETM1	7	1278
LETM2	3	708
LETMD1	1	426
LEUTX	0	293
LFNG	2	807
LGALS1	1	255
LGALS12	2	536
LGALS13	4	277
LGALS14	5	305
LGALS16	2	290
LGALS2	2	270
LGALS3	4	373
LGALS3BP	3	1117
LGALS4	0	517
LGALS8	4	297
LGALSL	0	292
LGI1	0	367
LGI2	2	880
LGI3	3	1050
LGI4	3	1111
LGMN	4	699
LGR4	5	1353
LGR5	8	1575
LGR6	6	1618
LGSN	6	977
LHCGR	3	1275
LHFPL2	1	387
LHFPL3	0	356
LHFPL4	0	352
LHFPL5	0	384
LHFPL6	0	335
LHPP	3	417
LHX1	1	403
LHX2	1	751
LHX3	1	847
LHX4	1	667
LHX5	1	741
LHX6	0	635
LHX8	1	568
LHX9	0	691
LIAS	0	447
LIAT1	10	769
LIF	2	374
LIFR	9	1822
LIG1	8	1703
LIG3	2	1473
LIG4	5	1434
LILRA2	8	95
LILRA4	13	978
LILRA5	0	427
LILRB3	7	396
LILRB5	6	1207
LIM2	0	420
LIMA1	0	1148
LIMCH1	7	1841
LIMD1	6	1207
LIMK1	1	1090
LIMK2	2	888
LIMS2	0	300
LIN28A	0	160
LIN28B	1	378
LIN52	0	1
LIN54	2	859
LIN7A	0	159
LIN7B	0	460
LIN7C	0	311
LIN9	1	721
LINGO1	1	993
LINGO2	0	1062
LINGO3	2	1196
LINGO4	0	78
LINS1	8	1360
LIPA	2	524
LIPC	6	1037
LIPE	10	1956
LIPF	3	609
LIPG	6	872
LIPH	1	728
LIPI	0	18
LIPJ	6	595
LIPK	5	720
LIPM	1	331
LIPN	6	710
LIPT1	0	555
LITAF	2	317
LIX1	1	467
LLGL1	6	1988
LLGL2	13	1975
LLPH	1	167
LMAN1	3	905
LMAN1L	7	985
LMAN2	2	733
LMAN2L	0	648
LMBR1	2	823
LMBR1L	2	838
LMBRD1	1	771
LMBRD2	1	956
LMCD1	2	673
LMF1	9	1475
LMF2	7	1953
LMNA	1	1028
LMNB1	1	949
LMNB2	2	957
LMNTD1	7	692
LMNTD2	1	49
LMO1	0	273
LMO3	0	164
LMO4	0	230
LMO7	16	2597
LMOD1	3	924
LMOD2	0	216
LMOD3	6	1009
LMTK1	2	1092
LMTK2	8	2581
LMX1A	0	560
LMX1B	1	720
LNP1	1	292
LNPEP	6	1570
LNPK	3	671
LNX1	4	1308
LNX2	4	1177
LOC147380392	1	227
LONP1	5	1223
LONP2	0	1324
LONRF1	3	1602
LONRF2	6	1377
LORICRIN	2	669
LOX	2	775
LOXHD1	10	2592
LOXL1	4	1220
LOXL2	3	1370
LOXL3	0	126
LOXL4	5	1424
LPAR1	0	480
LPAR3	1	576
LPAR5	1	832
LPCAT1	2	1007
LPCAT2	5	762
LPCAT3	0	108
LPCAT4	0	805
LPGAT1	0	442
LPIN1	4	1562
LPIN2	8	1325
LPIN3	9	1009
LPL	3	440
LPO	3	868
LPP	6	1013
LPXN	2	660
LRAT	0	430
LRATD1	1	600
LRATD2	1	693
LRBA	12	4680
LRCH1	5	1102
LRCH3	3	1108
LRCH4	3	701
LRCOL1	2	295
LRFN1	2	1454
LRFN2	2	1590
LRFN3	4	1210
LRFN4	3	1363
LRFN5	2	1149
LRG1	3	677
LRIF1	3	1247
LRIG1	15	2523
LRIG2	4	1814
LRIG3	1	1841
LRIT1	4	1168
LRIT2	2	384
LRIT3	4	838
LRMDA	2	409
LRP1	14	6271
LRP10	5	1302
LRP11	5	977
LRP12	3	1267
LRP1B	24	7269
LRP2	29	5244
LRP2BP	1	554
LRP3	0	141
LRP4	12	2975
LRP5	4	2015
LRP6	3	2361
LRP8	2	1476
LRPAP1	0	13
LRPPRC	5	2882
LRR1	4	700
LRRC1	1	778
LRRC10	2	479
LRRC10B	3	614
LRRC14	0	982
LRRC15	3	1153
LRRC17	4	517
LRRC19	6	688
LRRC2	4	582
LRRC20	0	353
LRRC23	3	577
LRRC25	2	445
LRRC27	3	1069
LRRC28	2	687
LRRC3	2	545
LRRC30	4	620
LRRC31	6	817
LRRC32	3	1218
LRRC34	4	497
LRRC36	4	988
LRRC38	3	545
LRRC39	0	515
LRRC3B	0	325
LRRC3C	3	527
LRRC4	2	1138
LRRC40	4	906
LRRC41	3	1009
LRRC42	1	794
LRRC43	7	948
LRRC45	3	1468
LRRC46	2	505
LRRC47	4	1202
LRRC49	2	947
LRRC4B	2	201
LRRC4C	3	899
LRRC51	1	45
LRRC52	4	611
LRRC55	1	561
LRRC56	16	1229
LRRC58	2	666
LRRC59	0	494
LRRC63	6	864
LRRC66	6	1605
LRRC69	0	290
LRRC7	2	1973
LRRC71	7	996
LRRC72	1	528
LRRC74A	3	358
LRRC75A	0	260
LRRC75B	8	647
LRRC8A	1	1206
LRRC8C	0	64
LRRC8D	0	1023
LRRC8E	9	1578
LRRCC1	8	1702
LRRD1	2	167
LRRFIP1	1	795
LRRFIP2	3	1093
LRRIQ1	11	2873
LRRIQ3	10	1169
LRRIQ4	4	890
LRRK1	16	3614
LRRK2	12	4155
LRRN1	4	1180
LRRN2	8	1151
LRRN3	2	1075
LRRN4	10	1641
LRRTM1	5	901
LRRTM2	0	706
LRRTM3	2	892
LRRTM4	0	977
LRSAM1	5	1242
LRTM1	2	693
LRTM3	73	11095
LSAMP	0	449
LSG1	7	1156
LSM1	0	138
LSM10	0	222
LSM11	0	346
LSM12	0	113
LSM14A	4	624
LSM14B	1	633
LSM2	0	83
LSM3	0	79
LSM4	0	218
LSM5	0	40
LSM6	0	107
LSM7	0	193
LSM8	0	159
LSMEM1	0	226
LSMEM2	0	325
LSP1	0	98
LSR	0	452
LSS	8	1475
LST1	0	49
LTA	3	269
LTA4H	2	968
LTAP1	1	340
LTB	1	263
LTBP1	10	2830
LTBP2	10	3471
LTBP3	2	1349
LTBP4	12	3202
LTBR	3	709
LTF	9	1391
LTK	4	799
LTN1	11	2489
LTO1	1	255
LTV1	0	398
LUC7L	1	620
LUC7L2	3	513
LUC7L3	1	450
LUM	1	512
LURAP1	2	419
LURAP1L	1	530
LUZP1	11	1664
LUZP2	2	655
LVRN	10	2042
LY6D	2	240
LY6E	0	247
LY6G5B	0	100
LY6G5C	2	180
LY6G6F	5	424
LY6G6F-LY6G6D	5	424
LY6H	0	327
LY6K	0	334
LY6L	2	251
LY75	28	2866
LY86	2	302
LY9	6	1146
LY96	2	263
LYAR	4	668
LYG1	2	313
LYG2	1	389
LYL1	0	288
LYN	0	237
LYNX1	0	1
LYPD1	0	24
LYPD2	2	269
LYPD3	3	685
LYPD4	2	364
LYPD5	2	446
LYPD6	0	282
LYPD6B	2	303
LYPLA1	2	306
LYPLAL1	3	479
LYRM1	1	215
LYRM7	0	165
LYRM9	0	150
LYSET	2	195
LYSMD1	1	87
LYSMD3	3	461
LYSMD4	5	300
LYST	13	5590
LYVE1	2	544
LYZ	1	222
LYZL4	1	257
LYZL6	0	229
LZIC	1	262
LZTFL1	2	444
LZTR1	0	37
LZTS1	5	1220
LZTS2	2	1175
LZTS3	1	1010
M1AP	3	568
M6PR	0	425
MAB21L1	1	616
MAB21L2	0	554
MAB21L3	1	665
MAB21L4	6	659
MACC1	10	1554
MACF1	7	2120
MACIR	0	334
MACO1	0	761
MACROD1	1	775
MACROD2	3	678
MACROH2A1	0	409
MACROH2A2	0	230
MAD1L1	5	1351
MAD2L1	1	275
MAD2L1BP	1	218
MAD2L2	0	333
MADD	7	2911
MAEA	0	626
MAEL	3	464
MAF	1	757
MAF1	1	393
MAFB	0	572
MAFF	0	315
MAFG	0	5
MAG	3	1136
MAGEF1	5	590
MAGEL2	12	2657
MAGI1	6	2305
MAGI2	2	2393
MAGI3	5	2182
MAGOH	0	62
MAGOHB	0	229
MAIP1	1	513
MAJIN	0	272
MAK	2	986
MAK16	1	425
MAL	1	309
MALSU1	0	4
MALT1	1	1110
MAMDC2	6	1053
MAMDC4	1	290
MAML1	9	1521
MAML2	9	1888
MAML3	0	315
MAMSTR	2	734
MAN1A1	1	1138
MAN1A2	1	847
MAN1B1	0	10
MAN1C1	2	756
MAN2A1	2	1968
MAN2A2	9	2186
MAN2B1	10	2010
MAN2B2	21	2015
MAN2C1	5	2078
MANBA	5	1169
MANBAL	0	151
MANEA	4	802
MANEAL	0	412
MANSC1	3	705
MANSC4	4	510
MAP10	9	1729
MAP1A	16	4176
MAP1B	7	3520
MAP1LC3A	0	27
MAP1LC3B	1	132
MAP1LC3B2	4	230
MAP1LC3C	1	267
MAP1S	9	2487
MAP2	1	851
MAP2K1	0	467
MAP2K2	0	755
MAP2K3	2	405
MAP2K4	0	381
MAP2K5	0	724
MAP2K6	0	89
MAP2K7	0	659
MAP3K1	6	2419
MAP3K10	3	1802
MAP3K11	3	1642
MAP3K12	1	1241
MAP3K13	4	1378
MAP3K14	3	1089
MAP3K19	8	1918
MAP3K2	1	887
MAP3K20	6	1399
MAP3K21	9	1710
MAP3K3	1	665
MAP3K4	6	2177
MAP3K5	4	1950
MAP3K6	3	1054
MAP3K7	0	551
MAP3K7CL	1	397
MAP3K8	0	669
MAP3K9	3	1825
MAP4	9	1664
MAP4K1	2	1069
MAP4K2	4	1502
MAP4K3	2	1610
MAP4K4	0	1729
MAP4K5	5	1361
MAP6	5	1426
MAP7	8	1357
MAP7D1	7	1710
MAP9	8	1011
MAPDA	2	379
MAPK1	0	352
MAPK10	0	184
MAPK11	0	447
MAPK12	3	853
MAPK13	4	696
MAPK14	1	366
MAPK15	10	1259
MAPK1IP1L	0	5
MAPK3	1	600
MAPK4	2	1157
MAPK6	1	222
MAPK8	0	369
MAPK8IP1	1	1217
MAPK8IP2	0	1
MAPK8IP3	1	1265
MAPK9	0	482
MAPKAP1	1	678
MAPKAPK2	1	440
MAPKAPK3	1	618
MAPKAPK5	0	3
MAPKBP1	5	1801
MAPRE1	0	320
MAPRE2	0	318
MAPRE3	0	322
MAPT	15	1394
MARCHF1	1	451
MARCHF10	5	1292
MARCHF2	2	483
MARCHF3	1	436
MARCHF4	0	713
MARCHF5	0	269
MARCHF6	1	1169
MARCHF7	9	1130
MARCHF8	4	464
MARCKSL1	0	61
MARCO	4	1064
MARF1	4	2583
MARK1	1	1091
MARK2	1	723
MARK3	3	1145
MARK4	1	1027
MARS1	1	1458
MARS2	1	1107
MARVELD2	2	675
MARVELD3	2	858
MAS1	2	572
MAS1L	8	634
MASP1	4	1652
MASP2	8	838
MAST1	0	1526
MAST2	13	2516
MAST3	3	1817
MAST4	14	4839
MASTL	4	1097
MAT1A	0	635
MAT2A	0	71
MAT2B	0	483
MATCAP2	1	714
MATK	1	959
MATN1	1	913
MATN2	11	1554
MATN3	4	781
MATN4	5	623
MATR3	0	662
MAU2	0	615
MAVS	3	680
MAX	1	186
MB	0	271
MB21D2	1	794
MBD1	1	968
MBD3	0	584
MBD3L1	2	311
MBD4	7	915
MBD5	1	2272
MBD6	1	1602
MBIP	2	565
MBL2	3	448
MBLAC2	2	550
MBNL1	0	493
MBNL2	0	516
MBOAT1	4	870
MBOAT2	2	727
MBOAT4	3	719
MBOAT7	2	1094
MBP	1	211
MBTD1	1	670
MBTPS1	3	2380
MC2R	4	570
MC3R	2	622
MC4R	2	596
MC5R	2	610
MCAM	1	352
MCAT	2	539
MCC	6	2154
MCCC1	2	1207
MCCC2	3	1005
MCEE	4	303
MCF2L	9	1856
MCF2L2	9	1573
MCFD2	0	360
MCHR1	3	706
MCHR2	1	558
MCIDAS	1	532
MCL1	1	651
MCM10	8	1537
MCM2	5	1585
MCM3	3	1297
MCM3AP	8	3663
MCM4	3	1691
MCM5	3	1352
MCM6	2	1259
MCM7	2	1670
MCM8	8	1107
MCM9	13	1744
MCMBP	1	969
MCMDC2	7	917
MCOLN1	1	685
MCOLN2	3	889
MCOLN3	0	749
MCPH1	13	2074
MCRIP1	0	185
MCRS1	0	367
MCTP1	2	1345
MCTP2	5	1741
MCU	0	466
MCUB	1	389
MCUR1	2	747
MDC1	31	3044
MDFI	0	482
MDFIC	2	505
MDGA1	3	868
MDGA2	3	1310
MDH1	0	531
MDH1B	4	814
MDH2	3	603
MDM2	0	525
MDM4	1	416
MDN1	32	8701
ME1	2	1090
ME2	2	863
ME3	2	932
MEAF6	0	296
MEAK7	12	1358
MECOM	2	1678
MECR	4	718
MED1	1	2246
MED10	0	206
MED11	0	221
MED12L	3	2592
MED13	6	3023
MED13L	4	3010
MED15	1	1099
MED16	0	2447
MED17	1	1061
MED18	0	316
MED20	0	263
MED21	0	233
MED22	2	140
MED23	0	1662
MED24	1	1175
MED25	2	1438
MED26	1	1173
MED27	0	441
MED28	0	397
MED29	0	145
MED30	2	296
MED31	0	194
MED4	2	468
MED6	0	362
MED7	0	335
MED8	0	432
MED9	1	155
MEDAG	2	589
MEF2A	3	821
MEF2B	0	5
MEF2C	0	514
MEF2D	1	782
MEFV	11	1764
MEGF10	3	1931
MEGF11	5	1870
MEGF6	24	3226
MEGF8	9	5179
MEI1	7	1936
MEIG1	1	177
MEIOB	5	808
MEIOC	5	1130
MEIS1	0	508
MEIS2	0	427
MEIS3	3	761
MELK	5	1105
MELTF	8	1534
MEMO1	0	270
MEN1	0	237
MEOX1	1	486
MEOX2	1	613
MEP1A	1	705
MEP1B	7	1142
MEPCE	1	198
MEPE	5	864
MERTK	10	1656
MESD	0	479
MESP2	4	954
MEST	0	395
MET	4	2158
METAP1	0	602
METAP1D	3	604
METAP2	0	412
METRNL	4	645
METTL1	0	2
METTL13	2	1247
METTL14	0	533
METTL15	2	443
METTL16	1	709
METTL17	3	437
METTL21A	1	412
METTL21C	4	467
METTL22	3	512
METTL24	5	642
METTL25	5	1176
METTL26	0	544
METTL27	8	518
METTL3	1	741
METTL4	4	448
METTL5	1	349
METTL6	0	366
METTL8	4	645
METTL9	1	366
MEX3A	0	2
MEX3B	1	1365
MEX3C	2	1006
MFAP1	1	517
MFAP2	0	256
MFAP3	0	553
MFAP3L	0	641
MFAP4	0	439
MFAP5	0	334
MFF	0	438
MFGE8	5	789
MFHAS1	5	2810
MFN1	2	1119
MFN2	3	1149
MFNG	1	403
MFRP	5	893
MFSD1	3	837
MFSD11	0	768
MFSD12	1	427
MFSD2A	1	784
MFSD2B	7	998
MFSD6	5	1121
MFSD6L	11	1134
MFSD8	3	818
MGA	18	4780
MGAM	10	1477
MGARP	2	421
MGAT1	3	918
MGAT3	2	974
MGAT4A	2	720
MGAT4B	4	1125
MGAT4C	1	585
MGAT5	0	1041
MGAT5B	5	1481
MGLL	1	523
MGME1	1	393
MGMT	3	438
MGP	4	240
MGRN1	1	1531
MGST1	1	265
MGST2	1	167
MGST3	0	230
MIA	0	234
MIA2	18	2486
MIA3	12	2790
MIB1	0	1680
MIB2	4	2246
MICAL1	4	765
MICAL2	15	2151
MICAL3	19	3280
MICALL1	4	1628
MICALL2	22	2422
MICOS10	0	144
MICU1	0	742
MICU2	2	845
MICU3	2	1157
MIDEAS	6	1710
MIDN	1	1229
MIEF1	6	808
MIEF2	2	865
MIER1	2	712
MIER2	4	1129
MIER3	1	547
MIF	1	332
MIGA1	2	1067
MIGA2	5	1049
MIIP	8	789
MIMS1	1	462
MINAR1	10	1675
MINDY1	4	547
MINDY2	3	973
MINDY3	0	760
MINDY4	12	1400
MINK1	6	2141
MINPP1	0	659
MIOS	0	1464
MIOX	4	628
MIPEP	3	1003
MIPOL1	0	796
MIS18A	1	452
MIS18BP1	13	1753
MISO1	4	485
MISP	10	1604
MITD1	0	392
MITF	1	942
MIX23	0	172
MKI67	39	4168
MKKS	6	969
MKLN1	0	945
MKNK1	2	409
MKNK2	3	1082
MKRN1	4	590
MKRN2	0	773
MKRN2OS	0	151
MKRN3	0	1071
MKS1	1	616
MKX	4	659
MLANA	0	243
MLC1	3	678
MLEC	0	380
MLF1	2	438
MLF2	0	398
MLH1	7	1265
MLH3	11	1442
MLIP	6	889
MLKL	6	559
MLLT1	1	864
MLLT10	2	1628
MLLT3	1	755
MLN	2	200
MLNR	0	955
MLPH	9	1129
MLST8	1	601
MLX	1	546
MLXIP	6	1593
MLXIPL	8	1568
MLYCD	5	1367
MMAA	0	7
MMAB	0	1
MMACHC	0	57
MMADHC	6	458
MMD	0	362
MMD2	0	535
MME	4	1247
MMEL1	6	1533
MMP1	3	916
MMP10	7	909
MMP11	6	934
MMP12	1	804
MMP13	2	824
MMP14	3	946
MMP15	4	1354
MMP16	1	744
MMP17	9	1328
MMP19	5	888
MMP2	2	1229
MMP20	8	970
MMP21	4	816
MMP24	2	908
MMP25	5	1438
MMP26	2	369
MMP27	7	1001
MMP28	3	632
MMP3	2	835
MMP7	4	540
MMP8	9	965
MMP9	10	1444
MMRN1	12	2299
MMRN2	6	1805
MMS19	8	1584
MMS22L	4	1969
MMUT	5	1225
MN1	6	2730
MNAT1	0	474
MND1	0	313
MNDA	2	763
MNS1	4	856
MNT	2	1209
MOB1A	0	271
MOB1B	0	341
MOB2	3	496
MOB3A	2	482
MOB3B	0	375
MOB3C	1	412
MOB4	0	91
MOBP	0	322
MOCOS	10	1678
MOCS1	4	718
MOCS2	0	180
MOCS3	0	12
MOG	2	86
MOGAT1	2	401
MOGAT2	5	644
MOGAT3	2	692
MOK	5	791
MON1A	1	928
MON1B	2	1165
MON2	5	2149
MORC1	9	1427
MORC2	0	1343
MORC3	2	1093
MORF4L1	1	438
MORN1	4	791
MORN3	1	468
MORN4	0	227
MORN5	2	279
MOS	1	627
MOSMO	0	52
MOSPD3	3	471
MOV10	0	813
MOV10L1	11	2154
MOXD1	2	1228
MPC1	0	100
MPC2	2	206
MPDZ	11	1939
MPG	1	702
MPHOSPH10	4	437
MPHOSPH6	3	387
MPHOSPH8	2	921
MPHOSPH9	4	1255
MPI	2	638
MPL	3	997
MPLKIP	0	424
MPND	3	937
MPO	7	1464
MPP2	1	984
MPP3	3	998
MPP4	3	859
MPP7	3	877
MPPE1	3	317
MPPED1	0	506
MPPED2	0	460
MPST	0	479
MPV17	0	319
MPZ	0	355
MPZL1	0	390
MPZL2	2	433
MPZL3	2	338
MR1	0	119
MRAP	3	350
MRAP2	1	357
MRAS	0	261
MRC2	7	2608
MRE11	2	1134
MREG	2	396
MRFAP1	0	283
MRFAP1L1	1	265
MRGBP	0	352
MRGPRD	2	595
MRGPRE	5	724
MRGPRF	2	757
MRGPRG	7	633
MRGPRX1	7	652
MRGPRX2	6	593
MRI1	7	765
MRM1	0	240
MRM2	1	490
MRM3	3	442
MRNIP	5	721
MRO	3	475
MROH2A	29	3131
MROH2B	15	2966
MROH6	3	484
MROH7	12	1776
MROH9	14	1638
MRPL1	2	482
MRPL11	1	378
MRPL12	0	64
MRPL13	1	243
MRPL14	0	270
MRPL15	1	494
MRPL16	4	442
MRPL17	0	384
MRPL19	2	340
MRPL2	0	412
MRPL20	0	381
MRPL21	2	270
MRPL22	1	217
MRPL27	1	288
MRPL28	5	705
MRPL3	2	533
MRPL30	0	75
MRPL32	1	104
MRPL33	0	108
MRPL35	2	182
MRPL37	2	337
MRPL38	3	323
MRPL39	1	650
MRPL4	4	645
MRPL42	0	35
MRPL43	0	152
MRPL44	1	610
MRPL45	1	276
MRPL46	3	583
MRPL47	2	253
MRPL48	1	326
MRPL49	0	309
MRPL50	2	210
MRPL51	2	230
MRPL52	0	4
MRPL53	4	282
MRPL54	0	89
MRPL58	5	375
MRPL9	0	6
MRPS10	1	319
MRPS11	0	255
MRPS14	0	62
MRPS15	2	282
MRPS17	2	204
MRPS18A	0	278
MRPS18B	1	498
MRPS2	4	597
MRPS21	4	153
MRPS22	4	654
MRPS23	1	380
MRPS24	2	339
MRPS25	0	337
MRPS27	4	717
MRPS28	3	405
MRPS31	0	381
MRPS33	1	169
MRPS35	3	570
MRPS5	2	668
MRPS6	0	2
MRPS7	4	466
MRPS9	4	698
MRRF	1	320
MRS2	3	529
MRTFA	6	1593
MRTFB	4	1749
MRTO4	1	440
MS4A1	0	502
MS4A10	3	517
MS4A12	2	494
MS4A13	3	208
MS4A14	8	1006
MS4A15	2	279
MS4A2	5	426
MS4A3	0	389
MS4A4A	2	407
MS4A5	4	347
MS4A6A	2	355
MS4A6E	0	183
MS4A7	4	410
MS4A8	1	474
MSANTD1	0	570
MSANTD2	0	463
MSANTD4	1	511
MSC	0	505
MSGN1	2	361
MSH2	2	1961
MSH3	6	2104
MSH4	5	1557
MSH5	5	989
MSH6	5	3091
MSI1	1	531
MSI2	2	479
MSL1	0	558
MSL2	0	91
MSLN	15	1595
MSMB	0	59
MSMO1	3	395
MSR1	6	1099
MSRA	0	737
MSRB2	4	347
MSRB3	0	304
MSS51	8	744
MST1R	10	2541
MSTN	5	590
MSX1	3	746
MSX2	0	313
MT1A	2	104
MT1B	3	108
MT1E	3	115
MT1F	0	99
MT1H	2	125
MT1HL1	2	120
MT1X	0	84
MT2A	0	90
MT3	1	117
MT4	3	133
MTA1	2	959
MTA2	0	386
MTA3	1	775
MTAP	1	207
MTARC1	5	430
MTARC2	1	476
MTBP	6	1438
MTCH1	1	634
MTCH2	3	415
MTCL1	19	3307
MTCL2	8	2952
MTDH	4	979
MTERF1	4	686
MTERF2	3	624
MTERF3	3	564
MTERF4	3	533
MTF1	2	832
MTF2	1	702
MTFMT	6	772
MTFP1	0	335
MTFR1	1	536
MTFR1L	2	249
MTFR2	0	45
MTG1	1	524
MTG2	6	846
MTHFD1	8	1407
MTHFD1L	2	1370
MTHFD2	0	391
MTHFD2L	1	680
MTHFR	1	106
MTHFS	3	373
MTHFSD	7	949
MTIF2	2	1347
MTIF3	2	430
MTMR10	2	397
MTMR11	3	427
MTMR12	5	919
MTMR14	1	1207
MTMR2	3	783
MTMR3	4	1627
MTMR4	5	1582
MTMR6	7	950
MTMR7	4	1517
MTMR9	2	1305
MTNAP1	8	959
MTNR1A	6	669
MTNR1B	6	733
MTO1	3	1183
MTOR	1	3197
MTPAP	3	905
MTPN	0	130
MTR	8	1837
MTRES1	0	381
MTREX	1	1428
MTRF1	5	544
MTRF1L	1	212
MTRFR	1	247
MTRR	11	1347
MTSS1	0	787
MTSS2	0	602
MTTP	12	1374
MTURN	0	232
MTUS1	22	2880
MTUS2	10	2010
MTX2	1	473
MTX3	2	442
MUC1	0	125
MUC13	1	214
MUC16	223	28239
MUC17	58	7124
MUC21	9	701
MUC22	69	2809
MUC5B	8	1016
MUC6	30	3222
MUC7	5	566
MUCL1	1	209
MUCL3	7	773
MUL1	2	646
MUS81	2	260
MUSK	10	1345
MUTYH	1	54
MVB12A	5	554
MVB12B	0	492
MVD	0	504
MVK	2	630
MVP	3	1587
MX1	3	1164
MX2	3	1267
MXD1	0	338
MXD4	0	483
MXI1	1	490
MXRA8	4	1196
MYADM	2	426
MYB	0	817
MYBBP1A	31	3229
MYBL1	1	556
MYBL2	3	1158
MYBPC1	2	1786
MYBPC2	18	2277
MYBPC3	7	1509
MYBPH	3	542
MYBPHL	5	622
MYC	3	481
MYCBP	0	80
MYCBPAP	12	1269
MYCL	2	513
MYCN	0	902
MYCT1	2	378
MYDGF	1	383
MYEF2	4	852
MYEOV	9	592
MYF5	0	513
MYF6	2	467
MYH1	10	3124
MYH10	4	2538
MYH11	8	3368
MYH13	15	3359
MYH14	8	3374
MYH15	10	3268
MYH2	5	2573
MYH3	7	1335
MYH4	14	3147
MYH6	3	1529
MYH7	2	2792
MYH9	9	2934
MYL1	1	367
MYL10	3	363
MYL12A	0	211
MYL12B	0	182
MYL2	0	279
MYL3	0	306
MYL4	0	351
MYL5	0	29
MYL7	1	319
MYL9	0	282
MYLIP	4	449
MYLK	6	1890
MYLK2	3	1029
MYLK3	2	1450
MYLK4	4	677
MYMK	1	397
MYNN	0	731
MYO10	14	3654
MYO15A	5	1589
MYO16	14	3261
MYO18A	9	2830
MYO18B	26	4829
MYO19	4	863
MYO1A	13	1832
MYO1B	2	1637
MYO1C	13	2255
MYO1D	3	1616
MYO1E	7	2059
MYO1F	0	8
MYO1G	4	1803
MYO1H	8	1643
MYO3A	4	591
MYO3B	12	2218
MYO5A	5	2580
MYO5B	16	3353
MYO5C	12	2809
MYO6	5	1805
MYO7A	13	3999
MYO7B	13	3510
MYO9A	19	3838
MYO9B	12	3060
MYOC	3	868
MYOCD	4	1575
MYOD1	1	783
MYOF	18	3701
MYOG	3	410
MYOM1	15	2816
MYOM2	29	4142
MYOM3	18	2578
MYORG	5	1714
MYOT	3	765
MYOZ1	0	537
MYOZ2	1	388
MYOZ3	3	491
MYPN	10	1798
MYPOP	0	515
MYRF	2	1535
MYRFL	7	1284
MYRIP	7	1481
MYSM1	0	88
MYT1	5	1610
MYT1L	0	1349
MYZAP	5	942
MZB1	2	364
MZF1	10	1753
MZT1	0	77
N4BP1	1	1350
N4BP2	13	2683
N4BP2L1	0	127
N4BP2L2	10	1900
N4BP3	5	1122
NAA11	1	436
NAA15	0	1018
NAA16	4	1468
NAA20	0	177
NAA25	3	1168
NAA30	0	256
NAA35	1	892
NAA40	0	10
NAA50	0	174
NAA60	2	319
NAAA	7	687
NAALAD2	6	1177
NAALADL1	5	1276
NAALADL2	7	783
NAB1	0	675
NAB2	1	872
NABP1	0	36
NABP2	0	111
NACA2	4	383
NACAD	0	50
NACC1	3	788
NADK	3	720
NADK2	1	386
NADSYN1	9	1357
NAE1	1	808
NAF1	5	893
NAGA	2	716
NAGK	1	574
NAGLU	4	1348
NAGPA	1	1366
NAGS	2	587
NALCN	4	2291
NALF1	1	740
NAMPT	0	400
NANOGNB	1	255
NANOS2	1	270
NANOS3	0	354
NANP	0	87
NANS	4	595
NAP1L1	0	439
NAP1L4	0	580
NAPA	0	494
NAPB	2	299
NAPEPLD	2	520
NAPG	1	533
NAPSA	3	806
NARF	1	883
NARS1	2	953
NARS2	4	890
NASP	3	1192
NAT1	6	587
NAT10	8	1810
NAT14	2	517
NAT16	1	869
NAT2	6	599
NAV1	5	2709
NAV2	17	4244
NAV3	6	3919
NAXD	3	517
NBAS	18	4324
NBEA	4	2358
NBEAL1	13	3871
NBEAL2	7	3865
NBL1	0	346
NBN	4	1324
NBR1	5	1393
NCALD	0	286
NCAM1	3	1235
NCAM2	2	1286
NCAN	3	2181
NCAPD2	6	1847
NCAPD3	0	26
NCAPG	4	1368
NCAPG2	8	1664
NCAPH	3	1139
NCAPH2	0	373
NCBP1	2	762
NCBP2	0	229
NCBP3	2	975
NCCRP1	0	256
NCDN	0	453
NCEH1	1	130
NCF2	11	744
NCF4	2	672
NCK1	3	550
NCK2	1	713
NCKAP1	0	1464
NCKAP1L	4	1695
NCKAP5	3	1076
NCKAP5L	6	2573
NCKIPSD	4	1369
NCLN	3	1162
NCMAP	2	166
NCOA1	3	2079
NCOA2	3	2135
NCOA3	5	1893
NCOA4	2	355
NCOA5	0	392
NCOA6	4	3167
NCOA7	4	1296
NCOR1	8	3280
NCOR2	16	5070
NCR1	1	586
NCR2	9	490
NCS1	0	227
NCSTN	2	918
NDC1	1	948
NDC80	3	921
NDE1	1	664
NDEL1	0	451
NDFIP1	1	301
NDFIP2	4	654
NDNF	1	887
NDOR1	7	1209
NDRG1	2	768
NDRG2	0	586
NDRG3	0	557
NDRG4	1	615
NDST1	1	1369
NDST2	3	1411
NDST3	1	1192
NDST4	3	1413
NDUFA10	2	640
NDUFA11	0	309
NDUFA12	0	281
NDUFA13	0	261
NDUFA5	0	120
NDUFA7	2	273
NDUFA8	0	259
NDUFA9	1	625
NDUFAB1	0	283
NDUFAF1	7	548
NDUFAF2	1	160
NDUFAF4	0	160
NDUFAF5	0	232
NDUFAF6	0	301
NDUFAF7	3	922
NDUFB1	0	12
NDUFB10	0	401
NDUFB2	0	126
NDUFB3	1	132
NDUFB4	0	244
NDUFB5	1	342
NDUFB6	0	224
NDUFB7	0	327
NDUFB8	0	347
NDUFB9	1	314
NDUFC1	0	177
NDUFC2	1	126
NDUFS1	1	1246
NDUFS2	1	434
NDUFS3	1	509
NDUFS4	0	354
NDUFS5	0	195
NDUFS6	0	315
NDUFS7	1	417
NDUFS8	1	242
NDUFV1	0	865
NDUFV2	1	375
NDUFV3	3	219
NEB	58	11635
NEBL	6	1658
NECAB1	1	548
NECAB2	6	1245
NECAB3	4	745
NECAP1	0	341
NECAP2	2	413
NECTIN1	3	877
NECTIN2	3	801
NECTIN3	1	729
NECTIN4	5	934
NEDD1	1	1039
NEDD4	11	2209
NEDD4L	1	1188
NEDD8	0	45
NEDD9	6	1349
NEFH	1	189
NEFM	2	911
NEGR1	2	465
NEIL1	1	340
NEIL2	4	872
NEIL3	10	1049
NEK1	6	2021
NEK10	11	2098
NEK11	3	1024
NEK2	1	529
NEK3	1	104
NEK4	3	1299
NEK5	8	1140
NEK6	1	455
NEK7	2	412
NEK8	0	735
NEK9	7	1490
NELFA	0	184
NELFB	1	1283
NELFCD	1	418
NELFE	0	120
NELL1	9	1535
NELL2	6	1344
NEMF	2	1327
NEMP1	3	707
NEMP2	1	366
NEO1	2	2341
NES	15	2782
NET1	1	823
NETO1	5	798
NETO2	1	783
NEU2	3	761
NEU3	2	782
NEU4	5	1129
NEURL1	1	978
NEURL3	3	227
NEURL4	6	1659
NEUROD1	2	610
NEUROD2	0	602
NEUROD4	3	611
NEUROD6	0	512
NEUROG1	0	612
NEUROG2	3	616
NEUROG3	2	482
NEXN	1	582
NF1	1	1815
NF2	0	727
NFAM1	3	524
NFASC	8	2026
NFAT5	2	2080
NFATC1	7	1852
NFATC2	2	1785
NFATC2IP	2	827
NFATC3	2	1804
NFATC4	6	1691
NFE2	0	600
NFE2L1	0	1175
NFE2L2	2	847
NFE2L3	5	621
NFIA	0	503
NFIB	3	595
NFIC	2	796
NFIL3	2	653
NFIX	0	515
NFKB1	2	1306
NFKB2	0	229
NFKBIA	0	578
NFKBIB	1	566
NFKBID	1	523
NFKBIE	2	585
NFKBIL1	3	420
NFKBIZ	3	996
NFRKB	1	2202
NFS1	0	380
NFU1	2	373
NFX1	1	1248
NFXL1	5	1377
NFYA	0	413
NFYB	0	230
NFYC	0	614
NGB	1	216
NGDN	2	580
NGEF	4	1128
NGF	2	430
NGFR	2	813
NGLY1	0	475
NGRN	0	1
NHEJ1	0	5
NHERF1	4	780
NHERF2	2	292
NHERF4	1	124
NHLH1	0	272
NHLH2	0	255
NHLRC1	2	772
NHLRC2	4	926
NHLRC3	4	251
NHP2	1	287
NHSL1	4	958
NHSL3	2	523
NIBAN1	10	1685
NIBAN2	5	837
NIBAN3	11	1269
NICN1	0	98
NID1	17	2304
NID2	26	2675
NIF3L1	3	271
NIFK	0	494
NIM1K	2	842
NIN	6	2307
NINJ1	1	284
NINJ2	0	15
NINL	13	2719
NIP7	0	346
NIPA1	0	561
NIPA2	1	626
NIPAL1	3	616
NIPAL2	4	642
NIPAL3	0	525
NIPAL4	2	327
NIPBL	3	3368
NIPSNAP1	0	472
NIPSNAP2	1	524
NIPSNAP3A	2	359
NIPSNAP3B	4	407
NISCH	9	1802
NIT1	0	9
NIT2	1	484
NKAIN1	1	313
NKAIN2	0	302
NKAIN3	2	303
NKAIN4	3	201
NKAPD1	1	301
NKAPL	9	652
NKD1	0	872
NKD2	4	694
NKG7	2	326
NKIRAS1	0	174
NKIRAS2	0	329
NKTR	6	2225
NKX2-1	0	805
NKX2-2	2	610
NKX2-3	1	735
NKX2-5	1	653
NKX2-8	1	651
NKX3-1	3	552
NKX3-2	5	855
NKX6-3	0	272
NLE1	5	568
NLGN1	0	1118
NLGN2	2	1028
NLK	0	621
NLN	4	1174
NLRC3	14	2392
NLRC4	2	400
NLRC5	17	3147
NLRP1	19	2274
NLRP10	3	1202
NLRP11	8	1860
NLRP12	7	2280
NLRP13	8	2098
NLRP14	13	2007
NLRP2	8	1416
NLRP3	3	1617
NLRP4	10	1884
NLRP6	8	1979
NLRP7	4	1124
NLRP8	17	1939
NLRP9	5	641
NLRX1	10	1787
NMB	1	266
NMBR	5	820
NMD3	0	762
NME1	0	306
NME2	0	67
NME4	1	475
NME5	1	255
NME6	0	1
NME7	0	604
NME8	6	1074
NME9	2	419
NMI	2	498
NMNAT1	1	411
NMNAT2	1	453
NMNAT3	0	457
NMRAL1	4	601
NMRK1	4	317
NMRK2	1	535
NMS	1	304
NMT1	0	670
NMT2	2	717
NMU	4	315
NMUR1	3	817
NMUR2	9	792
NNAT	0	113
NNMT	0	549
NNT	6	1663
NOA1	7	1346
NOAZFP	2	535
NOB1	6	851
NOC2L	4	1181
NOC3L	13	1287
NOC4L	0	789
NOCT	6	746
NOD1	5	1828
NOD2	14	1986
NODAL	1	566
NOG	2	436
NOL10	4	1051
NOL11	5	1142
NOL12	1	445
NOL3	1	441
NOL4	1	930
NOL4L	0	1051
NOL6	10	1945
NOL8	4	722
NOL9	0	719
NOLC1	2	1205
NOM1	13	1800
NOP10	1	112
NOP14	7	1637
NOP2	6	1387
NOP53	8	1068
NOP56	5	1035
NOP58	1	761
NOP9	1	179
NOPCHAP1	3	165
NOS1	6	2163
NOS1AP	1	823
NOS2	1	922
NOS3	9	2321
NOSIP	0	601
NOTCH1	1	939
NOTCH2	10	3154
NOTCH3	12	4274
NOTCH4	14	3430
NOTO	2	441
NOTUM	3	1069
NOVA1	0	371
NOVA2	0	679
NOX3	2	1044
NOX4	2	449
NOX5	5	1429
NOXA1	7	783
NOXRED1	1	381
NPAP1	14	2149
NPAS1	0	644
NPAS2	5	1214
NPAS3	2	1652
NPAS4	3	1349
NPAT	11	2342
NPBWR1	2	822
NPBWR2	3	623
NPC1	6	1815
NPC1L1	13	2439
NPC2	1	257
NPEPL1	4	1115
NPEPPS	1	559
NPFFR1	7	951
NPFFR2	0	801
NPHP1	4	1198
NPHP3	4	2069
NPHP4	17	3008
NPHS1	11	2339
NPHS2	3	698
NPL	0	489
NPLOC4	1	893
NPM1	0	304
NPM2	3	384
NPNT	6	870
NPPB	3	268
NPPC	0	269
NPR1	4	751
NPR2	0	933
NPR3	4	943
NPRL3	2	633
NPS	2	177
NPSR1	3	480
NPTN	0	466
NPTX1	2	746
NPTX2	1	872
NPVF	2	362
NPW	4	435
NPY	1	175
NPY1R	2	531
NPY2R	0	654
NPY5R	0	679
NQO1	3	423
NQO2	4	411
NR0B2	1	448
NR1D1	1	1017
NR1D2	2	976
NR1H2	0	945
NR1H3	0	481
NR1H4	1	784
NR1I2	2	819
NR1I3	0	589
NR2C1	1	818
NR2C2	2	808
NR2E1	0	571
NR2E3	4	505
NR2F1	0	547
NR2F2	0	578
NR2F6	1	522
NR3C1	3	1032
NR3C2	2	1078
NR4A1	3	1094
NR4A2	0	945
NR4A3	3	1000
NR5A1	0	229
NR5A2	2	710
NR6A1	1	725
NRAP	20	2754
NRARP	0	152
NRAS	0	126
NRBF2	0	83
NRBP1	1	604
NRBP2	0	12
NRCAM	2	1874
NRDC	3	1599
NRDE2	10	1776
NREP	2	140
NRF1	0	526
NRG1	9	1131
NRG2	3	929
NRG3	3	1300
NRG4	1	185
NRGN	0	132
NRIP1	10	2004
NRIP2	1	354
NRIP3	1	478
NRL	0	231
NRM	1	395
NRN1	0	227
NRN1L	3	401
NRP1	6	1523
NRP2	5	1829
NRROS	4	1350
NRSN1	0	98
NRSN2	1	381
NRXN1	4	2733
NRXN2	4	3044
NRXN3	3	2361
NSA2	1	202
NSD1	8	3170
NSD2	2	980
NSD3	2	1595
NSFL1C	3	597
NSG1	1	216
NSG2	0	286
NSL1	1	98
NSMAF	2	1433
NSMCE1	2	296
NSMCE2	0	404
NSMCE4A	1	593
NSMF	1	1051
NSRP1	2	297
NSUN2	5	1431
NSUN3	1	562
NSUN4	4	268
NSUN6	1	753
NSUN7	1	706
NT5C1A	2	687
NT5C1B	3	1084
NT5C2	1	774
NT5C3A	2	490
NT5DC1	2	583
NT5DC2	1	984
NT5DC3	1	866
NT5E	3	1015
NT5M	1	449
NTAN1	2	495
NTAQ1	4	396
NTF3	1	430
NTHL1	3	735
NTM	3	598
NTMT2	0	98
NTN1	0	1132
NTN3	4	1287
NTN4	4	955
NTN5	5	1052
NTNG1	0	253
NTNG2	2	920
NTPCR	1	286
NTRK1	8	1507
NTRK2	2	1052
NTRK3	0	1568
NTS	1	307
NTSR1	9	1023
NTSR2	5	902
NUAK1	2	1099
NUAK2	2	1099
NUB1	1	749
NUBP1	1	746
NUBP2	0	15
NUBPL	2	586
NUCB1	3	788
NUCB2	1	638
NUCKS1	0	228
NUCLEOLIN	1	1065
NUDC	0	405
NUDCD1	6	955
NUDCD2	0	304
NUDCD3	1	392
NUDT12	4	853
NUDT13	3	442
NUDT14	0	4
NUDT15	1	322
NUDT19	3	1124
NUDT2	0	247
NUDT21	0	200
NUDT22	4	563
NUDT3	0	48
NUDT4	0	78
NUDT5	0	161
NUDT6	1	138
NUDT7	6	532
NUDT8	0	339
NUDT9	2	570
NUF2	3	666
NUFIP1	1	459
NUFIP2	4	1167
NUGGC	7	1383
NUMA1	1	655
NUMB	0	494
NUMBL	3	930
NUP107	3	1382
NUP133	7	1896
NUP153	19	2386
NUP155	2	2236
NUP160	4	2361
NUP188	4	2291
NUP205	9	3128
NUP210	12	3333
NUP210L	6	2327
NUP214	5	3466
NUP35	0	574
NUP37	0	532
NUP42	4	748
NUP43	1	625
NUP50	0	563
NUP54	1	724
NUP58	4	937
NUP85	4	1119
NUP88	3	1187
NUP93	0	1406
NUP98	7	2684
NUPR1	1	146
NUPR2	1	234
NUS1	2	394
NUSAP1	3	668
NUTF2	0	100
NUTM1	0	377
NVL	7	1340
NWD1	23	2693
NWD2	4	2357
NXF1	2	925
NXN	1	718
NXNL1	5	424
NXNL2	1	373
NXPE1	5	709
NXPE2	6	935
NXPE3	1	922
NXPE4	6	1021
NXPH1	0	474
NXPH2	1	453
NXPH3	1	391
NXT1	0	149
NYAP1	4	1756
NYAP2	4	1318
NYNRIN	6	3319
OAF	3	541
OAS1	5	707
OAS2	1	1263
OAS3	11	1946
OASL	1	922
OAT	0	662
OAZ2	0	317
OAZ3	0	321
OBI1	2	1240
OBSCN	106	16932
OBSL1	8	1159
OC90	7	1025
OCA2	8	1558
OCEL1	4	611
OCIAD1	1	434
OCIAD2	0	175
OCLN	1	440
OCSTAMP	5	1043
ODAD1	9	1263
ODAD2	5	1007
ODAD3	6	1202
ODAM	2	546
ODAPH	3	250
ODC1	1	754
ODF1	3	417
ODF2	3	1310
ODF2L	3	1014
ODF4	4	432
ODR4	3	723
OGA	2	1129
OGDH	4	1380
OGDHL	8	1909
OGFOD1	0	26
OGFOD2	2	817
OGFOD3	4	689
OGFR	10	1299
OGFRL1	1	775
OGG1	2	485
OGN	0	426
OIP5	2	514
OIT3	1	927
OLA1	1	472
OLAH	2	472
OLFM1	0	525
OLFM2	2	459
OLFM3	1	776
OLFM4	4	888
OLFML1	5	291
OLFML2A	4	1138
OLFML2B	8	1444
OLFML3	3	716
OLIG2	1	680
OLIG3	2	593
OLR1	1	439
OMD	3	626
OMG	1	591
ONECUT1	1	892
ONECUT2	0	743
OOEP	3	308
OOSP2	1	273
OPA1	2	1421
OPA3	0	357
OPALIN	3	255
OPCML	1	564
OPLAH	1	118
OPN3	3	463
OPN4	6	987
OPN5	0	5
OPRD1	3	772
OPRK1	1	707
OPRL1	2	645
OPRM1	7	921
OPRPN	1	452
OPTC	4	498
OPTN	3	944
OR10A3	3	567
OR10A4	5	640
OR10A7	2	604
OR10AG1	6	591
OR10G3	4	383
OR10G4	10	476
OR10G7	13	529
OR10G8	4	575
OR10G9	18	531
OR10H1	5	557
OR10H2	0	25
OR10H3	6	576
OR10H4	7	576
OR10H5	0	14
OR10J1	6	702
OR10J5	3	575
OR10K2	0	587
OR10P1	3	623
OR10Q1	3	667
OR10T2	10	599
OR10V1	8	554
OR10W1	8	580
OR11A1	4	553
OR11H4	5	651
OR11H6	10	537
OR11L1	7	583
OR13A1	3	770
OR13C3	0	2
OR13C4	3	539
OR13C5	0	18
OR13C8	3	550
OR13D1	8	496
OR13F1	9	560
OR13J1	1	578
OR14A16	4	498
OR14C36	5	560
OR14J1	2	540
OR1A1	6	558
OR1A2	6	505
OR1C1	1	577
OR1D2	4	528
OR1E1	3	473
OR1E2	7	497
OR1F1	7	697
OR1G1	3	512
OR1I1	13	654
OR1J1	5	577
OR1J4	1	514
OR1K1	4	595
OR1L1	8	524
OR1L3	8	536
OR1L4	4	427
OR1L6	7	448
OR1M1	3	569
OR1N1	3	538
OR1N2	6	537
OR1Q1	6	531
OR2A12	2	548
OR2A14	3	566
OR2A2	4	563
OR2A25	4	541
OR2A5	6	575
OR2AE1	6	580
OR2AG1	8	582
OR2AG2	5	572
OR2AT4	4	513
OR2B2	4	519
OR2B3	2	479
OR2B6	5	497
OR2C1	7	706
OR2C3	6	624
OR2D2	9	603
OR2D3	1	250
OR2G2	6	653
OR2G3	7	547
OR2G6	4	659
OR2H1	0	11
OR2J3	6	483
OR2K2	2	557
OR2L13	4	537
OR2L2	7	556
OR2L3	11	527
OR2L5	3	608
OR2M2	6	656
OR2M3	2	577
OR2M4	1	539
OR2M5	12	602
OR2M7	9	544
OR2S2	9	542
OR2T10	5	480
OR2T4	11	547
OR2T6	8	624
OR2V1	2	525
OR2V2	4	567
OR2W1	2	514
OR2W3	10	669
OR2Y1	8	597
OR3A1	9	568
OR3A2	2	47
OR3A3	4	390
OR4A16	22	860
OR4B1	7	740
OR4C11	5	640
OR4C15	12	958
OR4C6	3	772
OR4D1	4	505
OR4D10	1	595
OR4D11	2	564
OR4D2	4	540
OR4D5	3	568
OR4D6	9	559
OR4D9	8	568
OR4F15	3	607
OR4F6	5	595
OR4K1	9	757
OR4K13	3	588
OR4K14	3	580
OR4K17	3	653
OR4K2	3	739
OR4K5	7	733
OR4L1	8	629
OR4N5	2	310
OR4P4	7	519
OR4S1	1	742
OR4S2	9	521
OR4X1	10	720
OR51D1	5	660
OR51E1	4	583
OR51E2	1	686
OR51V1	3	242
OR52A1	4	574
OR52A5	2	577
OR52B6	6	623
OR52E2	7	598
OR52E6	11	618
OR52H1	7	551
OR52J3	8	637
OR52K1	4	653
OR52K2	6	682
OR52L1	9	600
OR52M1	3	852
OR52N5	1	484
OR52W1	5	595
OR56A1	4	552
OR56A4	3	566
OR56A5	6	430
OR56B1	6	621
OR56B4	2	616
OR5A1	2	570
OR5A2	3	571
OR5AC2	6	643
OR5AK2	5	637
OR5AN1	1	664
OR5AP2	4	571
OR5AS1	4	711
OR5AU1	8	613
OR5B12	5	585
OR5B17	8	612
OR5B2	6	590
OR5B21	2	540
OR5B3	10	607
OR5C1	1	636
OR5D14	9	675
OR5D16	3	680
OR5D18	8	575
OR5H15	12	601
OR5H2	6	547
OR5I1	7	618
OR5J2	3	603
OR5K1	5	588
OR5K2	3	543
OR5K3	9	702
OR5K4	4	619
OR5L2	6	622
OR5M1	4	551
OR5M10	3	554
OR5M11	5	609
OR5M3	1	84
OR5M8	1	51
OR5M9	6	658
OR5P2	7	649
OR5T1	1	648
OR5T2	8	644
OR5T3	7	582
OR5V1	5	521
OR5W2	8	634
OR6A2	4	606
OR6B1	5	546
OR6B3	0	49
OR6C1	7	562
OR6C3	5	687
OR6C4	3	695
OR6C6	4	575
OR6C65	2	527
OR6C68	7	627
OR6C70	5	619
OR6C74	8	529
OR6C75	0	542
OR6C76	4	504
OR6F1	0	1
OR6K2	5	618
OR6K3	6	590
OR6M1	6	557
OR6N2	3	586
OR6P1	11	656
OR6Q1	7	549
OR6S1	7	649
OR6V1	9	510
OR6X1	4	533
OR6Y1	9	677
OR7A10	9	530
OR7A17	5	549
OR7A5	6	484
OR7C1	8	485
OR7C2	2	546
OR7D2	2	548
OR7D4	4	495
OR7E24	3	530
OR7G1	9	544
OR7G2	4	532
OR7G3	8	511
OR8A1	5	522
OR8B12	3	545
OR8B4	5	516
OR8B8	2	554
OR8D1	7	545
OR8D4	11	523
OR8G1	5	518
OR8G3	6	475
OR8G5	9	512
OR8H1	5	546
OR8I2	7	615
OR8J1	6	589
OR8K1	4	600
OR8K5	4	607
OR8U1	18	535
OR9A2	4	514
OR9G1	2	679
OR9K2	5	590
OR9Q1	4	545
OR9Q2	2	603
ORAI2	0	402
ORAI3	0	201
ORC1	9	1327
ORC2	0	806
ORC3	3	1150
ORC4	4	632
ORC5	2	760
ORC6	0	512
ORMDL1	0	246
ORMDL2	0	248
ORMDL3	0	265
OS9	1	796
OSBP	0	1068
OSBP2	6	1659
OSBPL10	3	1181
OSBPL11	0	1056
OSBPL1A	6	1433
OSBPL2	1	709
OSBPL3	5	1507
OSBPL5	6	1868
OSBPL6	2	1447
OSBPL7	2	1430
OSBPL8	0	1173
OSBPL9	1	672
OSCAR	3	576
OSCP1	4	621
OSER1	1	462
OSGEP	0	585
OSGEPL1	1	574
OSGIN1	0	8
OSGIN2	2	710
OSM	1	468
OSMR	12	1622
OSR1	1	443
OSR2	0	501
OSTC	0	224
OSTF1	0	351
OSTM1	3	582
OSTN	0	1
OTOA	3	1263
OTOF	22	3923
OTOG	10	1644
OTOGL	23	3990
OTOL1	3	927
OTOP2	2	845
OTOP3	9	1168
OTOR	1	264
OTP	2	670
OTUB2	1	429
OTUD3	4	676
OTUD4	3	923
OTUD6B	2	522
OTUD7A	1	1640
OTUD7B	1	680
OTULIN	3	496
OTULINL	3	631
OTX1	0	624
OTX2	0	425
OVCA2	0	1
OVCH1	13	1655
OVCH2	7	524
OVGP1	11	1153
OVOL1	1	430
OVOL2	2	524
OXA1L	4	879
OXCT1	1	679
OXGR1	1	614
OXNAD1	3	588
OXR1	1	1533
OXSM	1	754
OXSR1	1	691
OXT	0	267
OXTR	4	807
P2RX1	0	637
P2RX3	2	700
P2RX4	2	299
P2RX5	5	847
P2RX6	1	349
P2RX7	3	302
P2RY1	0	611
P2RY2	6	842
P2RY6	2	599
P3H1	10	1443
P3H2	3	1458
P3H3	3	967
P3H4	0	238
P4HA1	0	678
P4HA2	0	885
P4HA3	3	1013
P4HB	0	931
P4HTM	2	967
PA2G4	0	214
PAAF1	3	663
PABPC1	12	520
PABPC1L	6	1117
PABPC4	0	145
PABPC4L	4	649
PABPN1	0	433
PACC1	1	547
PACRG	1	476
PACRGL	3	432
PACS1	0	1301
PACS2	5	1641
PACSIN1	2	653
PACSIN2	5	816
PACSIN3	1	793
PADI1	4	1310
PADI2	6	1114
PADI3	13	1269
PADI4	14	1296
PADI6	5	1341
PAEP	2	348
PAF1	0	735
PAFAH1B1	0	10
PAFAH1B2	0	67
PAFAH1B3	0	98
PAFAH2	1	736
PAG1	1	723
PAH	3	811
PAICS	4	564
PAIP1	0	608
PAIP2	0	178
PAIP2B	0	177
PAK1	0	609
PAK1IP1	3	461
PAK2	0	527
PAK4	2	1045
PAK5	4	1184
PAK6	8	1214
PALB2	9	1967
PALD1	12	1630
PALLD	9	1805
PALM	2	345
PALM2AKAP2	12	1879
PALM3	0	23
PALMD	5	959
PALS1	4	987
PALS2	2	831
PAM	6	1585
PAMR1	5	1292
PAN2	3	1595
PAN3	3	1360
PANK1	0	727
PANK2	4	1246
PANK3	0	430
PANK4	1	1148
PANX1	4	816
PANX2	0	1321
PANX3	3	643
PAOX	4	1026
PAPLN	14	1729
PAPOLA	0	854
PAPOLG	0	1038
PAPPA	9	2628
PAPPA2	5	2857
PAPSS1	2	980
PAPSS2	2	1048
PAQR3	0	485
PAQR5	2	540
PAQR6	1	661
PAQR7	3	557
PAQR8	0	616
PAQR9	2	705
PARD3	7	2261
PARD3B	8	2121
PARD6B	3	581
PARD6G	0	855
PARG	0	285
PARK7	1	355
PARL	1	599
PARM1	5	568
PARN	2	971
PARP1	4	1248
PARP10	7	1885
PARP11	0	539
PARP12	5	1331
PARP14	7	2286
PARP15	4	895
PARP16	1	626
PARP2	4	965
PARP3	0	170
PARP4	8	655
PARP6	0	671
PARP8	2	1235
PARP9	5	1239
PARPBP	4	1014
PARS2	4	853
PARVA	0	596
PARVB	5	731
PARVG	3	360
PASK	20	2485
PATE1	3	248
PATE2	0	191
PATE3	2	169
PATE4	2	196
PATJ	20	2944
PATL1	1	1122
PATL2	4	709
PATZ1	1	1165
PAWR	3	713
PAX1	3	1386
PAX2	0	658
PAX3	1	725
PAX4	6	664
PAX5	4	629
PAX6	0	566
PAX7	2	1089
PAX8	1	863
PAX9	1	525
PAXBP1	1	1250
PAXIP1	3	1335
PAXX	2	453
PBK	3	540
PBLD	0	5
PBRM1	0	2175
PBX1	1	355
PBX3	1	495
PBX4	2	646
PBXIP1	0	429
PC	1	738
PCARE	20	2584
PCBD1	0	156
PCBD2	1	210
PCBP1	0	176
PCBP2	0	311
PCBP3	0	535
PCBP4	3	650
PCCA	3	1121
PCCB	5	1097
PCDH1	6	1896
PCDH10	1	1901
PCDH12	7	1998
PCDH15	14	3979
PCDH17	2	2198
PCDH18	2	1947
PCDH20	2	1691
PCDH7	4	2053
PCDH8	3	944
PCDH9	3	1921
PCDHA1	13	1928
PCDHA10	15	1955
PCDHA11	2	247
PCDHA12	2	247
PCDHA13	7	1907
PCDHA2	8	1975
PCDHA3	2	247
PCDHA4	9	967
PCDHA5	2	247
PCDHA6	2	278
PCDHA7	2	332
PCDHA8	2	247
PCDHA9	2	346
PCDHAC1	9	1691
PCDHAC2	2	247
PCDHB1	5	1362
PCDHB10	6	779
PCDHB11	0	41
PCDHB12	0	155
PCDHB14	3	762
PCDHB15	4	693
PCDHB2	3	698
PCDHB4	4	697
PCDHB5	1	750
PCDHB6	5	760
PCDHB7	4	860
PCDHB9	0	21
PCDHGA1	8	1749
PCDHGA10	0	210
PCDHGA11	0	210
PCDHGA12	4	1807
PCDHGA2	0	210
PCDHGA3	8	1806
PCDHGA4	0	210
PCDHGA5	0	210
PCDHGA6	0	210
PCDHGA7	0	210
PCDHGA8	0	210
PCDHGA9	0	210
PCDHGB1	0	210
PCDHGB2	0	210
PCDHGB3	0	210
PCDHGB4	0	210
PCDHGB5	0	210
PCDHGB6	0	210
PCDHGB7	0	210
PCDHGC3	0	210
PCDHGC4	0	210
PCDHGC5	0	210
PCED1A	3	687
PCED1B	0	847
PCF11	9	2277
PCGF1	2	367
PCGF2	0	84
PCGF3	0	384
PCGF5	0	257
PCGF6	0	365
PCID2	1	726
PCIF1	0	459
PCK1	9	1196
PCK2	6	1229
PCLAF	0	164
PCLO	28	8675
PCM1	18	4787
PCMT1	1	268
PCMTD1	0	240
PCMTD2	0	274
PCNA	0	170
PCNP	0	203
PCNT	46	6463
PCNX1	7	3720
PCNX2	17	3731
PCNX3	4	2543
PCNX4	8	1732
PCOLCE	1	655
PCOLCE2	4	724
PCP2	1	94
PCP4	0	83
PCP4L1	1	122
PCSK1	4	1218
PCSK2	0	887
PCSK4	6	1006
PCSK5	23	3152
PCSK6	7	1793
PCSK7	1	509
PCSK9	5	1072
PCTP	4	468
PCYOX1	1	574
PCYOX1L	5	920
PCYT1A	0	627
PCYT2	0	380
PDAP1	1	188
PDC	0	390
PDCD1	2	501
PDCD10	0	261
PDCD11	9	2430
PDCD1LG2	3	537
PDCD2	3	540
PDCD2L	1	710
PDCD4	3	831
PDCD5	1	132
PDCD6	0	215
PDCD6IP	3	889
PDCL	0	464
PDCL2	0	334
PDCL3	2	354
PDE10A	1	548
PDE11A	12	1717
PDE12	4	984
PDE1A	1	958
PDE1B	2	739
PDE1C	6	1329
PDE2A	2	1379
PDE3A	4	2155
PDE3B	4	2059
PDE4A	3	1657
PDE4B	1	1009
PDE4C	4	1319
PDE4D	0	746
PDE5A	6	1201
PDE6A	6	1562
PDE6B	6	1822
PDE6C	5	1278
PDE6D	1	210
PDE6G	0	156
PDE6H	0	146
PDE7A	2	749
PDE7B	1	735
PDE8A	4	1446
PDE8B	1	1278
PDE9A	2	1025
PDGFA	1	426
PDGFB	3	461
PDGFC	2	74
PDGFD	2	644
PDGFRA	4	1526
PDGFRB	10	1821
PDGFRL	4	1001
PDHA2	4	751
PDHB	0	502
PDHX	5	901
PDIA2	21	1491
PDIA3	0	584
PDIA4	7	1197
PDIA5	3	956
PDIA6	3	787
PDIK1L	0	357
PDILT	7	1075
PDK1	0	821
PDK2	0	518
PDK4	2	724
PDLIM1	1	547
PDLIM2	3	749
PDLIM3	2	674
PDLIM4	2	652
PDLIM5	9	990
PDLIM7	2	680
PDP1	0	811
PDP2	1	874
PDPN	2	501
PDPR	3	475
PDRG1	0	255
PDS5A	0	1648
PDS5B	0	1808
PDSS1	3	552
PDSS2	3	645
PDX1	4	701
PDXDC1	0	105
PDXK	1	551
PDYN	2	484
PDZD2	21	4358
PDZD7	2	1088
PDZD8	7	1817
PDZD9	0	176
PDZK1	0	110
PDZK1IP1	2	234
PDZRN3	6	2451
PDZRN4	9	2031
PEAK1	6	2835
PEAK3	3	1128
PEAR1	12	2125
PEBP1	1	330
PEBP4	7	483
PECR	2	578
PEDS1	2	369
PEF1	1	513
PEG3	15	2738
PELI1	0	606
PELI2	2	740
PELI3	2	781
PELO	1	717
PELP1	6	2013
PEMT	5	474
PENK	3	521
PEPD	6	1050
PER1	10	2650
PER2	10	2305
PER3	13	2044
PERM1	8	1617
PERP	3	227
PES1	4	984
PET117	0	2
PEX1	3	1945
PEX10	3	770
PEX11G	2	522
PEX12	3	540
PEX13	2	757
PEX14	3	608
PEX16	3	561
PEX19	1	466
PEX2	4	512
PEX26	7	584
PEX3	1	491
PEX5	2	1002
PEX5L	2	822
PEX6	7	1306
PEX7	1	579
PF4	0	64
PF4V1	1	202
PFAS	11	2467
PFDN1	0	140
PFDN2	0	192
PFDN4	0	174
PFDN5	0	131
PFDN6	1	159
PFKFB2	0	622
PFKFB3	3	992
PFKFB4	0	731
PFKL	1	1073
PFKM	4	1197
PFKP	1	1226
PFN1	2	182
PFN2	0	200
PFN4	1	204
PGAM1	0	74
PGAM2	1	511
PGAM5	3	564
PGAP1	2	1436
PGAP2	0	532
PGAP3	1	339
PGAP4	0	645
PGAP6	3	514
PGBD1	9	1188
PGBD2	2	1167
PGBD5	2	948
PGBDF	3	391
PGC	0	265
PGCKA1	6	469
PGD	1	738
PGF	0	355
PGGT1B	0	5
PGK2	2	823
PGLS	3	623
PGLYRP1	1	374
PGLYRP2	8	1164
PGLYRP3	9	667
PGLYRP4	7	723
PGM1	6	1239
PGM2	2	1049
PGM2L1	4	840
PGM3	0	464
PGM5	0	429
PGPEP1	1	244
PGPEP1L	9	474
PGR	5	1633
PGRMC2	1	404
PGS1	3	1069
PHACTR1	0	851
PHACTR2	1	957
PHACTR3	3	971
PHACTR4	4	1067
PHAF1	2	627
PHAX	2	666
PHB1	1	268
PHC1	5	690
PHC2	6	1319
PHC3	4	985
PHETA1	2	498
PHETA2	2	479
PHF10	2	500
PHF11	0	384
PHF12	1	1248
PHF13	0	118
PHF14	2	1308
PHF19	1	699
PHF2	4	1629
PHF20	3	1251
PHF20L1	1	1365
PHF21A	2	822
PHF21B	5	1039
PHF24	1	687
PHF3	7	3249
PHF5A	0	79
PHF7	2	469
PHGDH	0	96
PHIP	3	2162
PHKB	9	1891
PHKG1	1	191
PHKG2	0	757
PHLDA1	1	875
PHLDA2	0	334
PHLDA3	1	294
PHLDB1	6	2173
PHLDB2	6	1994
PHLDB3	6	1482
PHLPP1	9	3134
PHLPP2	5	2174
PHOX2B	0	464
PHPT1	2	350
PHRF1	15	3782
PHTF1	1	1044
PHTF2	2	1139
PHYH	4	637
PHYHD1	2	512
PHYHIP	0	451
PHYHIPL	1	465
PHYKPL	3	973
PI15	1	421
PI16	4	520
PI3	5	219
PI4K2A	2	646
PI4K2B	2	824
PI4KA	2	2378
PI4KB	1	889
PIANP	1	493
PIAS1	0	873
PIAS2	0	820
PIAS3	0	454
PIAS4	1	911
PIBF1	8	1321
PICALM	2	976
PICK1	0	400
PID1	1	508
PIDD1	4	1234
PIEZO1	38	7845
PIEZO2	14	4376
PIF1	10	1337
PIGB	4	928
PIGF	0	73
PIGG	10	1876
PIGH	1	277
PIGK	1	651
PIGL	2	460
PIGM	3	745
PIGN	7	1556
PIGO	2	1092
PIGP	0	3
PIGQ	8	1677
PIGR	5	1341
PIGS	0	10
PIGT	4	970
PIGU	1	742
PIGV	2	785
PIGX	2	480
PIGZ	0	2
PIH1D1	4	516
PIH1D2	3	399
PIK3AP1	6	1269
PIK3C2A	3	2508
PIK3C2B	5	1880
PIK3C2G	10	2568
PIK3C3	0	1312
PIK3CA	1	803
PIK3CB	1	1345
PIK3CD	4	1356
PIK3CG	4	1877
PIK3IP1	2	527
PIK3R1	1	584
PIK3R2	6	1415
PIK3R3	3	849
PIK3R4	4	1950
PIK3R5	1	272
PIK3R6	0	146
PIKFYVE	10	3224
PILRA	1	255
PILRB	0	2
PIM1	2	489
PIM3	2	849
PIMREG	0	444
PIN1	1	286
PINK1	6	1171
PINLYP	0	2
PINX1	7	851
PIP	2	245
PIP4K2A	1	566
PIP4K2B	0	19
PIP4K2C	0	398
PIP4P2	0	403
PIP5K1A	0	725
PIP5K1B	2	731
PIP5K1C	3	1329
PIP5KL1	1	415
PIPOX	0	673
PIRT	1	256
PISD	4	945
PITPNA	0	353
PITPNB	0	317
PITPNC1	0	106
PITPNM1	4	1006
PITPNM2	3	2067
PITPNM3	5	1441
PITRM1	18	2211
PITX1	1	626
PITX2	1	471
PITX3	0	565
PIWIL1	2	1195
PIWIL2	8	1867
PIWIL3	10	1546
PIWIL4	9	1311
PJA2	5	1159
PJVK	0	111
PKD1	0	187
PKD1L1	34	4975
PKD1L2	0	16
PKD1L3	18	2868
PKD2	6	1610
PKD2L1	13	1476
PKD2L2	2	678
PKDCC	4	1119
PKDREJ	24	3684
PKHD1	38	7008
PKHD1L1	50	7541
PKIA	0	99
PKIB	0	154
PKIG	0	118
PKLR	3	1082
PKM	1	653
PKMYT1	0	1050
PKN1	4	1934
PKN2	0	1107
PKN3	4	1631
PKNOX1	0	700
PKNOX2	1	742
PKP1	10	1456
PKP2	10	1436
PKP3	10	2076
PKP4	4	1117
PLA1A	5	852
PLA2G12A	2	311
PLA2G12B	0	228
PLA2G15	1	657
PLA2G1B	0	287
PLA2G2A	2	218
PLA2G2C	2	243
PLA2G2D	3	310
PLA2G2E	1	263
PLA2G2F	1	443
PLA2G3	8	1028
PLA2G4A	3	1073
PLA2G4B	2	534
PLA2G4C	9	940
PLA2G4D	18	1613
PLA2G4E	8	1644
PLA2G4F	1	134
PLA2G5	0	260
PLA2G6	3	1443
PLA2G7	6	875
PLA2R1	10	2401
PLAA	1	1352
PLAAT1	1	308
PLAAT2	1	259
PLAAT3	0	316
PLAAT4	0	258
PLAAT5	5	547
PLAC8	0	184
PLAC8L1	1	279
PLAG1	2	692
PLAGL1	0	82
PLAT	4	944
PLAU	6	708
PLAUR	5	511
PLB1	17	2943
PLBD1	6	940
PLBD2	5	907
PLCB1	3	1620
PLCB2	8	2106
PLCB3	8	2015
PLCB4	3	1550
PLCD1	0	233
PLCD3	1	344
PLCD4	1	271
PLCE1	12	3693
PLCG1	2	2038
PLCG2	5	1109
PLCH1	5	2505
PLCH2	9	2755
PLCL1	6	1751
PLCL2	0	829
PLCXD3	0	608
PLCZ1	1	1067
PLD1	11	1885
PLD2	11	1790
PLD3	1	531
PLD4	3	846
PLD5	0	145
PLD6	0	503
PLEC	50	11170
PLEK	6	588
PLEK2	3	604
PLEKHA1	1	574
PLEKHA2	0	133
PLEKHA3	2	357
PLEKHA4	8	1536
PLEKHA5	3	1777
PLEKHA6	9	1910
PLEKHA7	6	1543
PLEKHA8	1	606
PLEKHB1	0	391
PLEKHB2	0	415
PLEKHD1	1	886
PLEKHF1	0	623
PLEKHF2	0	295
PLEKHG1	9	2277
PLEKHG2	11	2317
PLEKHG3	13	2176
PLEKHG4	4	919
PLEKHG4B	20	2663
PLEKHG5	13	1849
PLEKHG6	3	1623
PLEKHG7	5	1083
PLEKHH1	12	1961
PLEKHH2	7	2923
PLEKHH3	2	708
PLEKHM2	3	1460
PLEKHM3	5	1194
PLEKHO1	5	749
PLEKHO2	5	850
PLEKHS1	2	474
PLET1	4	376
PLG	1	349
PLGRKT	2	332
PLIN1	6	1172
PLIN2	3	866
PLIN3	4	914
PLIN4	28	2722
PLIN5	7	882
PLK1	0	115
PLK2	1	939
PLK3	0	184
PLK4	5	1513
PLK5	9	773
PLLP	0	237
PLN	0	82
PLOD1	6	1421
PLOD2	2	1297
PLOD3	5	1564
PLPBP	1	465
PLPP1	1	314
PLPP2	3	445
PLPP3	0	472
PLPP4	0	49
PLPP7	3	553
PLPPR1	1	474
PLPPR2	2	577
PLPPR3	0	59
PLPPR4	0	114
PLPPR5	0	491
PLRG1	1	666
PLS1	5	900
PLSCR1	2	488
PLSCR2	3	360
PLSCR3	1	548
PLSCR4	4	564
PLSCR5	1	568
PLTP	1	511
PLVAP	3	863
PLXDC1	4	862
PLXDC2	0	235
PLXNA1	5	3356
PLXNA2	14	3136
PLXNA4	11	2980
PLXNB1	6	3669
PLXNB2	12	3451
PLXNC1	9	2408
PLXND1	15	3430
PM20D1	10	847
PM20D2	2	836
PMAIP1	1	256
PMEL	0	135
PMEPA1	2	498
PMF1	1	248
PMFBP1	9	1844
PML	3	1577
PMM1	1	479
PMM2	2	586
PMP2	2	225
PMP22	1	272
PMPCA	0	736
PMPCB	6	844
PMS1	2	222
PMS2	0	395
PMVK	4	354
PNISR	3	1221
PNKD	3	751
PNKP	5	1434
PNLDC1	0	98
PNLIP	0	769
PNLIPRP1	4	873
PNLIPRP3	7	859
PNMA8A	3	783
PNMT	4	574
PNN	3	1290
PNO1	3	405
PNOC	1	329
PNP	1	462
PNPLA1	9	829
PNPLA2	7	1219
PNPLA3	9	985
PNPLA5	7	901
PNPLA6	6	2318
PNPLA7	12	2045
PNPLA8	3	1223
PNPO	1	367
PNPT1	2	355
PNRC1	2	700
POC1A	3	684
POC1B	0	792
POC5	3	464
PODN	4	1139
PODNL1	5	949
PODXL	7	937
PODXL2	2	607
POFUT1	2	551
POFUT2	3	833
POFUT3	7	802
POGK	4	810
POGLUT1	1	607
POGLUT2	1	602
POGLUT3	4	899
POGZ	3	2039
POLA2	4	981
POLB	1	336
POLD1	7	1515
POLD2	0	116
POLD3	3	698
POLD4	1	201
POLDIP3	3	760
POLE	17	4110
POLE2	1	878
POLE4	0	5
POLG	11	2486
POLG2	3	247
POLH	2	555
POLI	7	1170
POLK	2	1401
POLL	5	975
POLM	3	994
POLN	8	1557
POLQ	27	4182
POLR1A	10	2521
POLR1B	2	1409
POLR1C	0	91
POLR1D	0	215
POLR1E	4	609
POLR1F	0	610
POLR1H	1	153
POLR2B	0	1021
POLR2C	0	440
POLR2D	0	153
POLR2E	2	477
POLR2F	1	216
POLR2G	0	225
POLR2J	0	25
POLR2K	0	69
POLR2M	3	534
POLR3A	5	2114
POLR3B	3	1616
POLR3C	3	896
POLR3D	2	773
POLR3E	2	1247
POLR3F	0	219
POLR3G	0	234
POLR3GL	0	256
POLR3H	0	140
POLR3K	0	120
POLRMT	3	690
POM121L12	10	840
POM121L2	1	99
POMC	4	660
POMGNT1	4	1109
POMGNT2	2	1082
POMK	0	607
POMP	0	203
POMT1	7	1242
POMT2	1	1188
PON1	6	596
PON2	3	547
PON3	3	613
POP1	5	1653
POP4	1	170
POP7	1	262
POPDC1	3	620
POPDC2	1	633
POPDC3	2	460
POR	4	1323
POSTN	4	1306
POT1	2	961
POU1F1	1	410
POU2AF1	1	492
POU2AF2	1	557
POU2AF3	1	252
POU2F1	0	84
POU2F2	0	825
POU2F3	3	736
POU3F2	0	689
POU4F2	2	918
POU4F3	1	93
POU5F1	1	445
POU6F2	3	1151
PP2D1	6	558
PPA1	0	284
PPA2	3	624
PPAN	4	1122
PPARA	3	739
PPARD	0	621
PPARG	1	707
PPARGC1A	6	1283
PPARGC1B	10	1785
PPAT	1	512
PPBP	0	244
PPCDC	1	355
PPCS	0	125
PPDPF	0	306
PPDPFL	1	154
PPEF2	9	1263
PPFIA1	2	1967
PPFIA2	2	1783
PPFIA3	2	1374
PPFIA4	5	1908
PPFIBP1	4	1203
PPFIBP2	7	1751
PPHLN1	3	650
PPIA	0	100
PPIB	0	425
PPIC	4	398
PPID	4	652
PPIE	0	491
PPIF	0	429
PPIG	0	368
PPIH	0	241
PPIL1	0	166
PPIL2	1	904
PPIL3	1	252
PPIL4	0	725
PPIL6	1	314
PPIP5K2	5	1574
PPL	8	2095
PPM1A	0	459
PPM1B	1	877
PPM1D	1	904
PPM1E	3	1093
PPM1F	2	798
PPM1G	0	167
PPM1H	0	939
PPM1J	2	546
PPM1K	0	487
PPM1L	1	534
PPM1M	2	470
PPM1N	0	21
PPME1	0	440
PPP1CB	0	227
PPP1CC	0	349
PPP1R10	0	1404
PPP1R12A	1	1349
PPP1R12B	1	543
PPP1R12C	5	1153
PPP1R13B	4	1829
PPP1R13L	2	1746
PPP1R14A	3	318
PPP1R14B	0	139
PPP1R14C	1	321
PPP1R14D	0	145
PPP1R15A	12	1267
PPP1R15B	6	1313
PPP1R16A	0	1265
PPP1R16B	2	836
PPP1R17	2	294
PPP1R18	1	135
PPP1R1A	0	111
PPP1R1B	2	328
PPP1R1C	0	209
PPP1R2	0	125
PPP1R21	1	1662
PPP1R27	0	359
PPP1R35	2	598
PPP1R36	4	667
PPP1R37	6	1353
PPP1R3A	13	1919
PPP1R3B	3	636
PPP1R3C	1	467
PPP1R3G	3	896
PPP1R42	1	350
PPP1R7	1	519
PPP1R8	1	183
PPP1R9A	9	1915
PPP1R9B	0	3
PPP2CB	0	382
PPP2R1A	1	744
PPP2R1B	5	1064
PPP2R2A	0	444
PPP2R2B	0	634
PPP2R2C	0	287
PPP2R3A	12	1978
PPP2R3C	0	609
PPP2R5A	1	587
PPP2R5B	1	762
PPP2R5C	2	567
PPP2R5D	0	159
PPP2R5E	0	440
PPP3CA	0	542
PPP3CB	0	398
PPP3CC	2	829
PPP3R1	0	125
PPP4C	0	51
PPP4R1	0	164
PPP4R2	0	236
PPP4R3A	0	644
PPP4R3B	2	440
PPP4R4	1	1269
PPP5C	0	607
PPP6C	0	356
PPP6R1	5	1260
PPP6R2	2	935
PPP6R3	2	1195
PPRC1	17	2930
PPT1	0	116
PPT2	0	171
PPTC7	0	390
PPWD1	0	779
PPY	1	180
PRAC1	0	111
PRADC1	1	307
PRAG1	15	3651
PRAM1	4	1044
PRAME	8	970
PRAMEF12	16	996
PRAMEF20	5	897
PRAP1	0	33
PRC1	4	1030
PRCC	2	865
PRCP	4	915
PRDM1	6	1217
PRDM10	5	1717
PRDM11	2	761
PRDM12	1	618
PRDM13	0	216
PRDM14	2	852
PRDM15	4	2082
PRDM16	8	2470
PRDM2	10	2806
PRDM4	0	1248
PRDM5	2	1037
PRDM6	6	1286
PRDM8	0	1494
PRDX1	0	333
PRDX2	0	354
PRDX3	1	472
PRDX6	0	301
PREB	1	754
PRELID1	0	286
PRELID2	1	321
PRELID3A	0	350
PRELID3B	0	99
PRELP	5	690
PREP	2	972
PREPL	2	1593
PREX1	11	2567
PREX2	10	2598
PRF1	5	1097
PRG2	2	409
PRG3	4	384
PRG4	1	303
PRICKLE1	2	608
PRICKLE2	1	1429
PRICKLE4	5	790
PRIM1	2	593
PRIM2	0	218
PRIMA1	0	190
PRIMPOL	3	661
PRKAA1	0	319
PRKAA2	0	811
PRKAB1	1	426
PRKAB2	0	430
PRKACA	0	277
PRKACB	0	552
PRKAG1	1	460
PRKAG2	2	894
PRKAG3	5	925
PRKAR1A	0	384
PRKAR1B	1	739
PRKAR2A	1	660
PRKAR2B	0	616
PRKCA	0	262
PRKCB	0	886
PRKCD	0	965
PRKCE	4	998
PRKCG	0	1071
PRKCH	2	1067
PRKCI	0	707
PRKCQ	1	1034
PRKCSH	1	46
PRKCZ	1	874
PRKD1	2	1551
PRKD2	5	1247
PRKD3	5	1375
PRKDC	14	6329
PRKG1	0	529
PRKG2	1	1020
PRKN	2	308
PRKRA	5	485
PRKRIP1	3	370
PRL	0	392
PRLH	0	222
PRLHR	2	884
PRLR	2	489
PRM2	0	266
PRMT1	0	278
PRMT2	0	341
PRMT2IP	11	1850
PRMT3	0	100
PRMT5	1	708
PRMT6	1	818
PRMT7	1	1017
PRMT8	0	47
PRMT9	4	1192
PRND	3	337
PRNP	3	426
PROC	0	790
PROCA1	1	645
PROCR	2	453
PRODH2	6	922
PROK1	3	215
PROK2	0	223
PROKR1	3	770
PROKR2	5	703
PROM1	2	1636
PROM2	7	1590
PROP1	4	413
PRORP	5	911
PROS1	0	49
PROSER1	6	1655
PROSER2	9	1235
PROSER3	1	249
PROX1	0	1033
PROX2	0	1
PROZ	6	832
PRP4K	0	614
PRPF18	2	258
PRPF19	0	560
PRPF3	0	750
PRPF31	0	744
PRPF38A	0	399
PRPF38B	3	636
PRPF39	1	598
PRPF4	1	730
PRPF40A	0	497
PRPF40B	1	1479
PRPF6	0	1205
PRPF8	0	2436
PRPH	4	919
PRPH2	3	617
PRPS1L1	2	577
PRPSAP1	0	364
PRPSAP2	1	473
PRR11	1	530
PRR12	8	3134
PRR13	0	157
PRR14	0	11
PRR14L	23	3468
PRR15	2	294
PRR16	4	521
PRR23B	0	1
PRR27	5	398
PRR29	0	4
PRR3	2	291
PRR4	2	275
PRR5	4	914
PRR5L	5	607
PRR9	0	210
PRRC1	1	791
PRRC2A	13	2242
PRRC2B	6	1675
PRRC2C	16	4244
PRRG2	3	415
PRRG4	4	317
PRRT1	0	443
PRRT3	7	2089
PRRT4	4	1893
PRRX1	1	454
PRSS12	5	1705
PRSS16	1	923
PRSS2	2	271
PRSS21	3	711
PRSS22	1	701
PRSS23	5	651
PRSS27	2	359
PRSS33	2	684
PRSS35	1	795
PRSS36	10	1776
PRSS37	2	419
PRSS38	9	653
PRSS41	9	689
PRSS48	2	314
PRSS50	4	746
PRSS53	4	1031
PRSS54	0	182
PRSS55	12	1082
PRSS57	1	317
PRSS58	1	481
PRTFDC1	1	406
PRTG	9	2079
PRTN3	3	583
PRUNE1	6	685
PRUNE2	37	5054
PRX	0	327
PRXL2A	1	375
PRXL2C	2	433
PSAP	0	558
PSAPL1	13	1222
PSAT1	0	497
PSCA	2	232
PSD	4	1682
PSD2	5	1411
PSD3	10	2226
PSD4	6	1877
PSEN1	1	618
PSEN2	3	828
PSENEN	0	157
PSIP1	0	540
PSKH1	0	657
PSKH2	5	736
PSMA1	0	343
PSMA2	0	230
PSMA3	0	343
PSMA4	0	278
PSMA5	0	186
PSMA6	1	270
PSMA8	1	436
PSMB1	0	313
PSMB2	2	312
PSMB3	1	208
PSMB5	1	128
PSMB6	1	418
PSMB7	1	408
PSMB9	0	61
PSMC1	0	345
PSMC2	0	368
PSMC3	0	460
PSMC4	0	489
PSMC5	0	22
PSMC6	0	316
PSMD1	1	1101
PSMD11	0	519
PSMD12	0	615
PSMD13	2	578
PSMD14	0	226
PSMD2	3	1233
PSMD3	1	810
PSMD4	0	435
PSMD5	3	839
PSMD6	1	621
PSMD7	0	507
PSMD8	0	704
PSMD9	5	444
PSME1	1	382
PSME3	0	300
PSME3IP1	1	348
PSME4	1	1065
PSMF1	4	511
PSMG1	2	500
PSMG2	0	322
PSMG3	1	238
PSORS1C1	0	2
PSORS1C2	7	284
PSPC1	0	459
PSPH	6	273
PSPN	1	366
PSRC1	4	601
PSTK	2	458
PSTPIP1	2	830
PSTPIP2	2	483
PTAFR	3	507
PTAR1	2	587
PTBP1	1	1153
PTBP2	0	654
PTBP3	2	762
PTCD1	1	846
PTCD2	0	520
PTCD3	6	1280
PTCH1	3	2500
PTCH2	4	1814
PTCHD4	2	1580
PTCRA	5	533
PTDSS1	1	75
PTDSS2	4	845
PTEN	0	307
PTER	3	596
PTGDR	3	825
PTGDS	0	3
PTGER2	2	705
PTGER3	2	865
PTGER4	1	771
PTGES	0	281
PTGES2	3	377
PTGES3	0	176
PTGES3L	1	222
PTGFR	2	474
PTGFRN	6	1624
PTGIR	5	840
PTGIS	2	989
PTGR1	4	516
PTGR2	0	515
PTGR3	2	552
PTGS1	4	1006
PTGS2	1	832
PTH	0	189
PTH1R	4	1008
PTH2	1	217
PTH2R	4	1089
PTHLH	0	299
PTK2	0	1437
PTK2B	5	1618
PTK6	1	323
PTK7	4	1391
PTMA	0	190
PTMS	0	31
PTN	1	262
PTOV1	0	404
PTP4A1	0	3
PTP4A2	0	97
PTP4A3	1	342
PTPA	1	501
PTPDC1	7	1379
PTPMT1	0	303
PTPN1	0	392
PTPN11	0	623
PTPN12	4	1197
PTPN13	19	3706
PTPN14	10	1970
PTPN18	2	948
PTPN2	2	552
PTPN21	6	2373
PTPN22	7	1259
PTPN23	9	3044
PTPN3	3	1440
PTPN4	3	1259
PTPN5	2	784
PTPN6	1	837
PTPN7	1	592
PTPN9	0	125
PTPRA	1	1106
PTPRB	16	3205
PTPRC	6	1708
PTPRD	1	2805
PTPRE	3	1163
PTPRF	1	3313
PTPRG	3	2630
PTPRH	10	1479
PTPRJ	10	2320
PTPRK	3	1812
PTPRM	2	2204
PTPRN	2	1718
PTPRN2	13	1913
PTPRO	4	1998
PTPRQ	15	2564
PTPRR	6	1093
PTPRS	7	3760
PTPRT	9	2447
PTPRU	6	2578
PTPRZ1	10	3642
PTRH1	0	94
PTS	0	278
PTTG1	0	173
PTTG1IP	2	350
PTX3	5	766
PTX4	17	1002
PUF60	0	633
PUM1	0	1496
PUM2	1	1593
PUM3	5	1011
PURA	0	385
PURB	0	616
PURG	0	59
PUS1	2	809
PUS10	1	941
PUS3	6	770
PUS7	2	1073
PUS7L	6	1168
PVALB	2	199
PVR	1	115
PWP1	5	836
PWWP2A	2	1353
PWWP2B	2	1300
PWWP3A	4	1421
PXDC1	1	524
PXDN	7	2854
PXDNL	21	3046
PXK	2	794
PXMP2	2	424
PXMP4	0	265
PXN	5	1037
PXT1	1	143
PXYLP1	1	757
PYCARD	0	377
PYCR1	1	635
PYCR2	0	582
PYCR3	5	594
PYDC1	0	171
PYGB	4	1739
PYGL	6	1504
PYGM	7	1567
PYGO1	3	715
PYHIN1	4	495
PYROXD1	1	603
PYROXD2	3	1042
PYY	3	226
PZP	12	2504
QARS1	2	1184
QDPR	0	478
QKI	0	411
QNG1	1	329
QPCT	4	746
QPCTL	5	736
QPRT	0	1
QRFP	3	309
QRFPR	5	499
QRICH1	0	817
QRICH2	22	2756
QRSL1	4	655
QSER1	6	2449
QSOX1	8	1142
QSOX2	3	1286
QTGAL	3	744
QTMAN	3	620
QTRT1	1	820
QTRT2	1	684
R3HCC1	6	873
R3HCC1L	10	1326
R3HDM1	5	1620
R3HDM2	1	1076
R3HDM4	2	555
R3HDML	4	466
RAB10	0	201
RAB11A	0	207
RAB11B	0	341
RAB11FIP1	6	1144
RAB11FIP2	4	786
RAB11FIP3	2	1469
RAB11FIP4	1	855
RAB13	0	182
RAB14	0	205
RAB15	2	326
RAB17	5	399
RAB18	1	295
RAB19	1	427
RAB1A	0	56
RAB1B	0	115
RAB20	1	417
RAB21	1	321
RAB22A	0	282
RAB23	2	354
RAB25	2	377
RAB26	1	708
RAB27A	0	383
RAB27B	0	385
RAB28	0	395
RAB29	1	303
RAB2A	0	201
RAB2B	0	336
RAB30	0	227
RAB31	0	26
RAB32	0	426
RAB33B	1	381
RAB34	0	103
RAB35	1	237
RAB36	2	435
RAB37	2	196
RAB38	3	417
RAB39A	0	351
RAB3A	0	317
RAB3B	0	231
RAB3C	0	352
RAB3D	2	348
RAB3GAP1	3	1503
RAB3GAP2	4	1431
RAB3IL1	3	705
RAB3IP	1	758
RAB40B	0	172
RAB40C	0	502
RAB43	0	207
RAB4A	1	356
RAB4B	0	273
RAB5A	0	246
RAB5B	0	260
RAB5C	1	248
RAB5IF	0	95
RAB6A	0	198
RAB6B	1	271
RAB7A	0	223
RAB8A	0	287
RAB8B	0	310
RABAC1	0	388
RABEP1	1	1138
RABEP2	1	626
RABEPK	2	576
RABGAP1	1	898
RABGAP1L	2	1617
RABGEF1	0	209
RABGGTA	2	675
RABGGTB	0	269
RABIF	0	113
RABL3	1	397
RABL6	2	856
RAC1	0	146
RAC2	0	254
RACGAP1	0	839
RACK1	0	111
RAD1	0	134
RAD17	3	856
RAD18	2	921
RAD21	0	680
RAD21L1	1	552
RAD23A	0	143
RAD23B	1	556
RAD50	4	2005
RAD51	0	340
RAD51AP1	3	458
RAD51AP2	12	1875
RAD51B	4	424
RAD51C	2	307
RAD51D	2	274
RAD52	0	14
RAD54B	6	1377
RAD54L	2	811
RAD54L2	3	2063
RAD9A	3	808
RAD9B	0	93
RADIL	18	2541
RAE1	1	449
RAET1E	9	461
RAET1G	0	17
RAF1	0	645
RAG1	10	1679
RAG2	5	844
RAI1	9	3483
RAI14	4	1369
RALA	1	137
RALB	0	272
RALBP1	0	258
RALGAPA1	7	2155
RALGAPA2	6	3181
RALGAPB	3	2071
RALGDS	4	1679
RALGPS1	3	714
RALGPS2	0	555
RALY	1	472
RALYL	1	546
RAMAC	2	76
RAMP1	0	301
RAMP2	1	291
RAMP3	2	327
RAN	0	197
RANBP1	0	301
RANBP10	0	985
RANBP17	3	1106
RANBP2	1	887
RANBP3	3	796
RANBP3L	5	724
RANBP6	1	833
RANBP9	1	1093
RANGAP1	2	940
RANGRF	2	351
RAP1A	0	205
RAP1B	0	164
RAP1GAP	1	637
RAP1GAP2	3	1271
RAP1GDS1	2	789
RAP2A	0	227
RAP2B	0	262
RAPGEF1	3	1579
RAPGEF2	2	2114
RAPGEF3	9	1692
RAPGEF4	2	1591
RAPGEF5	1	1178
RAPGEF6	3	2451
RAPH1	1	705
RAPSN	5	811
RARA	0	641
RARB	0	529
RARG	0	528
RARRES1	6	575
RARRES2	1	321
RARS1	3	1146
RARS2	3	934
RASA1	3	1381
RASA2	4	1532
RASA3	2	1563
RASAL1	6	1315
RASAL2	0	1983
RASAL3	4	918
RASD1	1	581
RASD2	0	437
RASEF	6	1370
RASGEF1A	0	315
RASGEF1B	2	711
RASGEF1C	0	785
RASGRF1	2	1399
RASGRF2	2	1753
RASGRP1	1	1083
RASGRP2	1	881
RASGRP3	4	1243
RASGRP4	3	550
RASIP1	3	1818
RASL10A	0	481
RASL10B	0	355
RASL11A	0	452
RASL11B	0	425
RASL12	1	488
RASSF10	4	1108
RASSF2	0	564
RASSF3	0	167
RASSF4	3	505
RASSF5	0	120
RASSF6	5	692
RASSF8	1	596
RASSF9	2	697
RAVER1	0	1
RAVER2	2	1087
RAX	3	257
RB1	2	1204
RB1CC1	4	2444
RBAK	1	1152
RBBP4	0	208
RBBP5	0	549
RBBP6	0	2629
RBBP8	2	1446
RBBP8NL	12	1390
RBBP9	0	333
RBCK1	0	866
RBFA	2	510
RBFOX1	1	1187
RBFOX2	1	678
RBKS	2	432
RBL1	2	1575
RBL2	5	1764
RBM11	7	450
RBM12	0	11
RBM12B	6	1636
RBM14	1	1199
RBM15	3	1768
RBM17	0	439
RBM18	0	220
RBM19	14	1757
RBM20	8	2172
RBM22	0	426
RBM23	0	15
RBM24	1	341
RBM25	0	937
RBM26	2	1341
RBM27	1	1523
RBM28	8	1199
RBM33	0	581
RBM34	0	671
RBM38	0	155
RBM39	0	398
RBM4	0	617
RBM42	1	678
RBM43	2	504
RBM44	7	1572
RBM45	0	708
RBM46	1	633
RBM47	3	1113
RBM5	0	947
RBM6	6	1624
RBM7	0	36
RBMS1	0	531
RBMS2	0	563
RBMS3	0	709
RBMXL2	4	991
RBP1	1	385
RBP2	0	227
RBP3	6	2611
RBP4	1	374
RBP5	2	90
RBP7	1	216
RBPJ	0	340
RBPJL	5	1049
RBPMS	1	311
RBPMS2	1	401
RBSN	5	1227
RBX1	0	96
RC3H1	5	1567
RC3H2	3	1866
RCAN1	0	445
RCAN2	2	393
RCAN3	2	168
RCBTB1	3	856
RCBTB2	1	894
RCC1	0	707
RCC1L	2	675
RCC2	3	835
RCCD1	2	765
RCE1	1	724
RCHY1	0	300
RCL1	3	601
RCN1	1	441
RCN2	1	588
RCN3	5	537
RCOR1	0	670
RCOR2	0	500
RCOR3	0	590
RCSD1	1	428
RCVRN	0	382
RD3	3	407
RDH10	1	473
RDH11	1	474
RDH12	1	617
RDH13	2	506
RDH14	2	374
RDH16	0	4
RDH8	3	146
RDM1	2	217
RDX	0	514
REC114	1	510
REC8	1	128
RECK	4	1551
RECQL	1	448
RECQL4	1	117
RECQL5	7	1408
REDIC1	4	1149
REEP1	0	298
REEP2	0	375
REEP3	0	399
REEP4	3	524
REEP5	1	271
REEP6	2	422
REG1A	0	308
REG1B	1	361
REG3A	1	339
REG3G	3	348
REG4	1	308
REL	1	911
RELA	1	524
RELB	0	1102
RELCH	2	1675
RELL1	4	481
RELL2	3	555
RELN	19	5429
RELT	7	828
REM1	1	586
REM2	2	652
REN	1	691
REPIN1	3	1186
REPS1	2	1192
RER1	0	77
RERE	4	2679
RERG	0	362
RERGL	2	367
RESF1	19	3138
REST	12	1795
RET	5	1793
RETN	0	239
RETNLB	2	220
RETREG1	4	821
RETREG2	1	365
RETREG3	0	292
RETSAT	1	613
REV1	6	1849
REV3L	10	4461
REX1BD	2	465
REXO1	13	2736
REXO2	1	382
REXO4	2	312
REXO5	3	1119
RFC1	5	1694
RFC2	1	626
RFC3	0	632
RFC4	0	706
RFC5	0	359
RFFL	1	542
RFK	0	258
RFPL2	0	71
RFPL4B	1	443
RFT1	3	929
RFTN1	1	668
RFTN2	5	787
RFWD3	3	1595
RFX1	6	1764
RFX2	5	1207
RFX3	2	1093
RFX4	3	1079
RFX5	3	992
RFX6	6	1441
RFX7	3	2242
RFX8	11	795
RFXANK	2	479
RFXAP	1	518
RGCC	0	276
RGL1	2	1133
RGL2	0	255
RGL3	4	636
RGL4	11	933
RGMA	2	880
RGMB	3	873
RGP1	3	669
RGR	1	530
RGS1	0	350
RGS10	0	274
RGS11	0	224
RGS12	11	2783
RGS13	2	287
RGS14	0	1080
RGS16	3	341
RGS17	0	284
RGS18	0	415
RGS19	1	403
RGS2	0	368
RGS20	1	540
RGS21	1	270
RGS22	6	1957
RGS3	1	1365
RGS4	0	316
RGS5	0	282
RGS6	0	668
RGS7	0	563
RGS7BP	1	400
RGS8	1	283
RGS9	4	1277
RGSL1	7	1773
RHAG	1	695
RHBDD1	4	593
RHBDD2	1	724
RHBDD3	2	780
RHBDF1	3	1734
RHBDF2	5	738
RHBDL2	4	491
RHBDL3	1	709
RHBG	0	11
RHCG	4	936
RHEB	0	149
RHEBL1	0	201
RHEX	1	306
RHNO1	2	129
RHO	0	656
RHOA	0	157
RHOB	0	318
RHOBTB1	1	1165
RHOBTB2	2	1157
RHOBTB3	3	961
RHOC	0	294
RHOD	2	416
RHOF	3	451
RHOH	0	272
RHOJ	1	372
RHOQ	0	231
RHOT1	0	789
RHOU	0	377
RHOV	0	418
RHPN1	2	1529
RHPN2	0	124
RIBC2	0	4
RIC1	4	2220
RIC3	6	507
RIC8A	1	417
RIC8B	1	623
RICTOR	6	2470
RIDA	0	224
RIF1	14	4149
RIGI	4	1117
RIIAD1	0	118
RILPL1	1	259
RILPL2	0	341
RIMBP2	7	1899
RIMKLA	0	147
RIMKLB	0	2
RIMOC1	2	462
RIMS1	2	2682
RIMS2	3	2262
RIMS3	4	524
RIMS4	0	335
RIN1	10	1610
RIN2	11	1617
RIN3	11	1912
RINL	0	9
RINT1	4	1288
RIOK1	0	28
RIOK2	7	834
RIOK3	2	798
RIOX1	6	1251
RIOX2	5	841
RIPK1	1	1059
RIPK2	1	790
RIPK3	4	964
RIPK4	5	1447
RIPOR1	4	2053
RIPOR2	12	1571
RIPOR3	9	1949
RIPPLY2	0	30
RIPPLY3	1	400
RIT1	0	236
RIT2	1	373
RLBP1	1	605
RLF	9	2476
RLIG1	0	262
RMC1	2	1085
RMDN1	1	617
RMDN2	6	1548
RMDN3	2	855
RMI1	2	964
RMND1	0	68
RMND5A	0	360
RMND5B	0	428
RMP24	1	170
RMP64	9	701
RNASE1	0	273
RNASE10	3	389
RNASE12	0	130
RNASE4	2	297
RNASE6	1	272
RNASE7	3	276
RNASE8	1	257
RNASE9	7	385
RNASEH1	0	549
RNASEH2A	2	597
RNASEH2B	2	529
RNASEH2C	0	430
RNASEL	5	1242
RNASET2	0	138
RND1	0	374
RND3	0	333
RNF10	2	1364
RNF103	4	1059
RNF11	0	153
RNF111	2	1660
RNF112	0	514
RNF113B	3	653
RNF114	2	375
RNF115	1	81
RNF121	0	340
RNF122	0	257
RNF123	4	1312
RNF125	2	394
RNF126	3	463
RNF13	1	342
RNF130	1	724
RNF135	4	514
RNF138	0	179
RNF139	0	141
RNF14	1	604
RNF141	1	351
RNF144A	1	481
RNF144B	1	541
RNF145	0	746
RNF149	5	728
RNF150	3	736
RNF151	6	575
RNF157	5	1196
RNF166	0	377
RNF168	6	1054
RNF169	5	1320
RNF17	10	2320
RNF170	1	178
RNF175	5	539
RNF180	1	1020
RNF182	0	273
RNF183	4	340
RNF185	1	156
RNF186	5	468
RNF19A	1	1155
RNF19B	1	1124
RNF2	0	83
RNF20	1	1192
RNF207	5	1212
RNF212	14	802
RNF212B	0	152
RNF213	31	6695
RNF214	1	1072
RNF215	4	587
RNF216	1	584
RNF217	3	380
RNF220	0	801
RNF222	4	459
RNF24	0	122
RNF25	6	743
RNF26	1	743
RNF31	1	436
RNF32	1	532
RNF34	2	507
RNF38	0	766
RNF39	10	779
RNF4	0	244
RNF40	0	1509
RNF41	0	405
RNF43	10	1040
RNF44	1	839
RNF6	1	135
RNF7	0	156
RNF8	0	101
RNFT2	0	824
RNGTT	2	750
RNH1	3	765
RNLS	3	638
RNMT	1	735
RNPC3	3	649
RNPEP	8	1208
RNPS1	0	336
RO60	2	798
ROBO1	3	2793
ROBO2	2	2452
ROBO3	12	2313
ROBO4	10	1945
ROCK1	2	1334
ROCK2	2	1298
ROGDI	1	325
ROPN1L	2	418
ROR1	1	1337
ROR2	10	1869
RORA	0	917
RORB	0	551
RORC	3	767
ROS1	18	4153
RP1	12	3641
RP1L1	52	6134
RP9	2	349
RPA1	1	1046
RPA2	1	419
RPA3	0	267
RPAIN	0	57
RPAP1	15	2168
RPAP2	0	13
RPAP3	1	1069
RPE	0	102
RPE65	4	929
RPF1	6	399
RPF2	2	115
RPGRIP1	8	1550
RPGRIP1L	9	2054
RPH3A	3	1165
RPH3AL	3	646
RPIA	0	590
RPL10L	0	452
RPL11	0	250
RPL13	1	86
RPL14	1	296
RPL18	0	319
RPL18A	0	294
RPL19	0	217
RPL21	0	169
RPL22	0	90
RPL22L1	1	210
RPL23	0	78
RPL24	0	162
RPL26L1	0	207
RPL27	0	125
RPL27A	0	192
RPL28	1	313
RPL29	0	230
RPL3	0	624
RPL30	0	102
RPL31	1	151
RPL32	0	61
RPL34	0	135
RPL35	1	210
RPL37	0	156
RPL37A	0	1
RPL38	0	29
RPL39L	0	67
RPL3L	10	985
RPL4	0	238
RPL5	0	169
RPL6	1	404
RPL7A	1	241
RPL7L1	1	256
RPL8	1	439
RPLP0	0	422
RPLP1	0	145
RPLP2	1	264
RPN1	3	1021
RPN2	2	1080
RPP14	1	208
RPP25	0	474
RPP30	2	432
RPP40	5	598
RPRD1A	0	406
RPRD1B	0	424
RPRD2	7	2117
RPRM	0	208
RPRML	1	265
RPS10	0	196
RPS11	0	237
RPS12	0	218
RPS13	0	147
RPS14	0	142
RPS15A	0	28
RPS16	0	236
RPS17	0	151
RPS18	0	13
RPS19	0	87
RPS19BP1	0	297
RPS20	0	135
RPS23	0	140
RPS24	1	478
RPS26	0	51
RPS27L	0	118
RPS29	0	123
RPS3	2	257
RPS3A	0	243
RPS5	0	243
RPS6	0	361
RPS6KA1	2	194
RPS6KA2	3	1368
RPS6KA4	2	921
RPS6KA5	2	1104
RPS6KB1	0	153
RPS6KB2	3	833
RPS6KC1	7	1639
RPS6KL1	4	899
RPS7	0	222
RPS9	0	253
RPSA	0	247
RPTN	7	1247
RPTOR	3	1942
RPUSD1	4	940
RPUSD2	0	1090
RPUSD3	0	374
RPUSD4	5	771
RRAD	1	280
RRAGC	0	548
RRAGD	0	275
RRAS	2	387
RRAS2	0	240
RRBP1	12	2461
RREB1	9	3200
RRH	3	494
RRM1	0	832
RRM2	0	419
RRM2B	0	468
RRN3	0	115
RRP1	0	11
RRP12	7	2180
RRP15	2	459
RRP1B	3	1129
RRP36	2	492
RRP8	6	996
RRP9	4	836
RSAD1	3	943
RSAD2	1	636
RSBN1	1	1247
RSBN1L	1	1409
RSF1	9	1990
RSL1D1	5	961
RSL24D1	0	252
RSPH1	4	572
RSPH14	3	656
RSPH3	12	706
RSPH4A	8	1129
RSPH6A	5	1432
RSPH9	0	424
RSPO1	2	465
RSPO2	2	393
RSPO3	0	383
RSPO4	3	512
RSPRY1	0	705
RSRC1	2	576
RSRC2	0	594
RSRP1	5	608
RSU1	1	252
RTBDN	3	508
RTCA	1	671
RTCB	0	815
RTEL1	10	2454
RTF1	0	699
RTF2	1	517
RTKN	3	936
RTKN2	3	644
RTL10	3	704
RTL6	0	460
RTN1	6	1491
RTN2	1	1031
RTN3	2	1313
RTN4	3	804
RTN4IP1	0	464
RTN4R	0	835
RTN4RL1	4	811
RTN4RL2	2	735
RTP1	4	516
RTP2	3	475
RTP3	0	373
RTP4	7	408
RTP5	11	1227
RTRAF	1	258
RTTN	15	3744
RUBCN	8	1587
RUBCNL	5	857
RUFY1	3	1356
RUFY2	0	148
RUFY3	0	610
RUNDC1	1	58
RUNDC3A	0	253
RUNDC3B	0	6
RUNX1	5	835
RUNX1T1	0	854
RUNX2	1	769
RUNX3	1	795
RUSC1	2	760
RUSC2	5	2584
RUSF1	1	986
RUVBL1	0	526
RUVBL2	3	448
RWDD1	0	33
RWDD2B	0	7
RWDD3	4	332
RWDD4	2	229
RXFP1	1	1156
RXFP2	6	1200
RXFP3	0	1069
RXFP4	2	72
RXRA	0	18
RXRG	0	706
RXYLT1	3	729
RYK	1	721
RYR1	19	9179
RYR2	8	7189
RYR3	21	8029
S100A1	0	178
S100A10	1	146
S100A11	2	153
S100A12	0	180
S100A13	1	71
S100A16	0	200
S100A2	1	162
S100A4	0	160
S100A5	1	101
S100A8	0	144
S100A9	0	203
S100B	0	142
S100P	0	181
S100PBP	0	109
S100Z	2	175
S1PR1	2	561
S1PR3	4	701
S1PR4	4	914
S1PR5	3	906
SAA4	4	247
SAAL1	6	788
SACK1A	5	694
SACK1B	6	1731
SACK1C	6	1467
SACK1D	2	684
SACK1E	3	93
SACK1F	5	978
SACK1H	9	1720
SACM1L	2	787
SACS	15	7187
SAE1	1	501
SAFB	0	937
SAFB2	3	1749
SAG	5	710
SALL1	0	49
SALL2	7	1592
SALL3	10	2850
SALL4	7	1784
SAMD10	2	105
SAMD12	3	361
SAMD13	0	139
SAMD14	0	396
SAMD15	0	110
SAMD3	2	583
SAMD4A	3	1145
SAMD4B	1	788
SAMD5	3	401
SAMD7	1	806
SAMD8	1	436
SAMD9	17	2360
SAMD9L	9	2347
SAMHD1	0	790
SAMM50	3	792
SAMTOR	0	575
SANBR	2	1237
SAP130	1	1507
SAP18	0	288
SAP30	1	379
SAP30BP	1	361
SAP30L	0	310
SAR1A	0	131
SAR1B	0	287
SARAF	0	586
SARDH	8	1554
SARM1	0	23
SARNP	0	205
SARS1	1	677
SARS2	2	1051
SART1	3	1421
SART3	1	1624
SASH1	9	2143
SASS6	2	1034
SAT2	1	292
SATB1	1	888
SATB2	0	866
SAV1	0	338
SAXO1	2	170
SAXO2	2	123
SAXO4	11	823
SAXO5	12	1035
SAXO6	8	1169
SAYSD1	1	376
SBF1	3	3671
SBF2	4	2903
SBK1	1	792
SBK2	3	909
SBK3	2	173
SBNO1	6	1899
SBNO2	2	2065
SBSN	6	968
SBSPON	3	539
SC5D	0	450
SCAF1	4	2373
SCAF11	12	2184
SCAF4	3	1261
SCAF8	3	1748
SCAI	1	752
SCAMP1	0	291
SCAMP2	2	550
SCAMP3	2	598
SCAMP4	3	489
SCAMP5	0	227
SCAND1	0	466
SCAND3	3	1738
SCAP	1	1179
SCAPER	0	208
SCARA3	4	1133
SCARA5	5	1071
SCARB1	3	843
SCARB2	3	726
SCARF1	12	1681
SCARF2	0	14
SCCPDH	3	693
SCD	2	354
SCD5	3	696
SCEL	6	1196
SCFD1	2	213
SCFD2	6	1121
SCG2	1	1046
SCG3	2	751
SCG5	0	330
SCGB1A1	0	176
SCGB1D1	3	159
SCGB1D2	1	170
SCGB1D4	0	141
SCGB2A1	0	184
SCGB2A2	0	171
SCGB2B2	2	170
SCGB3A1	0	192
SCGB3A2	0	167
SCGN	0	96
SCHIP1	0	820
SCIMP	0	218
SCIN	10	1564
SCLT1	7	1077
SCLY	8	900
SCMH1	2	960
SCML4	4	789
SCN10A	16	3738
SCN11A	4	2930
SCN1A	5	2263
SCN1B	1	237
SCN2A	2	2110
SCN2B	0	395
SCN3A	3	2445
SCN3B	0	341
SCN4A	10	3263
SCN4B	0	421
SCN5A	10	3075
SCN7A	11	1267
SCN8A	1	1987
SCN9A	16	3213
SCNN1A	5	1323
SCNN1B	5	1163
SCNN1D	18	1898
SCNN1G	2	1116
SCO1	2	596
SCOC	0	153
SCP2	0	776
SCP2D1	2	278
SCPEP1	1	764
SCRG1	0	161
SCRIB	9	3161
SCRN1	4	658
SCRN3	2	677
SCT	1	319
SCTR	6	837
SCUBE1	8	1798
SCUBE2	5	1775
SCUBE3	4	1478
SCYL1	6	1535
SCYL2	2	994
SCYL3	2	595
SDAD1	6	1145
SDC1	3	631
SDC2	2	349
SDC3	4	756
SDC4	1	371
SDCBP	0	306
SDCBP2	7	610
SDCCAG8	2	1081
SDE2	4	787
SDF2	1	354
SDF2L1	3	447
SDF4	1	699
SDHAF1	1	290
SDHAF2	0	296
SDHAF3	1	179
SDHAF4	3	224
SDHB	2	493
SDHC	2	223
SDHD	0	67
SDK1	18	5306
SDK2	17	4048
SDR16C5	1	533
SDR42E1	7	870
SDR9C7	2	577
SDS	2	586
SDSL	7	670
SEC11A	0	255
SEC11C	0	150
SEC13	0	570
SEC14L1	3	1105
SEC14L2	1	456
SEC14L3	7	801
SEC14L4	9	716
SEC14L5	1	1901
SEC14L6	7	697
SEC16A	14	4138
SEC16B	17	1945
SEC22A	0	497
SEC22C	1	483
SEC23A	1	1135
SEC23B	5	1315
SEC23IP	5	1653
SEC24A	3	1445
SEC24B	0	2044
SEC24C	3	1710
SEC24D	5	1623
SEC31A	2	1659
SEC31B	10	1797
SEC61A1	0	554
SEC61A2	0	586
SEC61B	0	170
SEC61G	0	80
SEC62	1	435
SEC63	2	1005
SECISBP2	3	1095
SECISBP2L	3	1563
SECTM1	7	457
SEH1L	2	486
SEL1L	5	1193
SEL1L2	4	930
SEL1L3	5	1776
SELE	6	1112
SELENBP1	3	911
SELENOF	2	313
SELENOI	0	540
SELENON	7	959
SELENOO	2	621
SELENOP	0	2
SELENOS	1	245
SELENOT	1	91
SELENOV	3	731
SELENOW	1	190
SELL	4	669
SELP	8	1532
SELPLG	3	762
SEMA3A	3	1131
SEMA3C	2	1211
SEMA3D	6	1287
SEMA3E	3	1301
SEMA3F	4	1300
SEMA3G	5	1508
SEMA4A	4	1364
SEMA4B	3	723
SEMA4C	6	1280
SEMA4D	7	1299
SEMA4F	6	1131
SEMA4G	4	1447
SEMA5A	2	1955
SEMA5B	9	2107
SEMA6A	7	2063
SEMA6C	7	1840
SEMA6D	3	1744
SEMA7A	3	1189
SEMG1	7	852
SEMG2	8	1044
SENP1	1	792
SENP2	1	803
SENP3	0	22
SENP5	6	1026
SENP6	6	1685
SENP7	3	1381
SENP8	1	307
SEPHS1	0	383
SEPHS2	2	797
SEPSECS	2	225
SEPTIN10	6	888
SEPTIN11	0	586
SEPTIN12	2	927
SEPTIN14	5	403
SEPTIN2	1	570
SEPTIN4	6	1586
SEPTIN7	0	113
SEPTIN8	1	712
SEPTIN9	3	1022
SERAC1	1	715
SERBP1	1	512
SERF2	0	79
SERGEF	4	726
SERINC1	2	713
SERINC2	6	964
SERINC3	1	815
SERINC5	2	581
SERP1	0	94
SERP2	0	103
SERPINA1	9	805
SERPINA10	11	767
SERPINA11	3	820
SERPINA12	5	816
SERPINA3	3	931
SERPINA4	2	833
SERPINA5	6	869
SERPINA6	2	699
SERPINA9	11	686
SERPINB1	1	608
SERPINB10	13	785
SERPINB11	10	604
SERPINB12	6	743
SERPINB13	3	757
SERPINB2	4	588
SERPINB5	4	585
SERPINB6	1	621
SERPINB7	2	721
SERPINB8	2	332
SERPINB9	2	700
SERPINC1	3	656
SERPIND1	4	910
SERPINE1	2	675
SERPINE2	2	638
SERPINE3	1	561
SERPINF1	3	871
SERPINF2	3	829
SERPING1	3	709
SERPINH1	1	827
SERPINI1	5	632
SERPINI2	3	642
SERTAD1	2	436
SERTAD2	2	518
SERTAD3	0	371
SERTAD4	5	559
SERTM1	0	144
SESN1	1	593
SESN2	4	829
SESN3	0	424
SESTD1	0	311
SET	0	313
SETBP1	9	2775
SETD1A	1	3094
SETD1B	9	2943
SETD2	4	2180
SETD3	0	809
SETD4	3	735
SETD5	2	1760
SETD6	2	1098
SETD7	3	607
SETD9	2	494
SETDB1	3	1714
SETDB2	5	1017
SETMAR	5	1294
SETX	17	4398
SEZ6	7	1487
SEZ6L	6	1771
SEZ6L2	6	1669
SF1	0	808
SF3A1	2	1037
SF3A3	0	493
SF3B1	0	1047
SF3B2	0	898
SF3B3	2	1464
SF3B4	0	509
SF3B5	0	127
SF3B6	0	129
SFI1	0	36
SFMBT1	0	1214
SFMBT2	6	1479
SFN	0	423
SFPQ	0	1378
SFR1	1	91
SFRP1	0	536
SFRP2	1	537
SFRP4	3	371
SFRP5	2	581
SFSWAP	8	1523
SFT2D1	1	293
SFT2D2	1	287
SFTA2	1	133
SFTPA1	6	390
SFTPA2	8	462
SFTPB	3	686
SFTPD	5	623
SFXN1	1	583
SFXN2	2	581
SFXN3	2	305
SFXN4	0	452
SFXN5	1	619
SGCA	0	732
SGCB	1	577
SGCD	1	546
SGCE	1	735
SGCG	2	537
SGCZ	1	798
SGF29	0	251
SGIP1	2	1302
SGK1	0	745
SGK2	1	608
SGK3	1	672
SGMS1	0	504
SGMS2	0	575
SGO1	1	904
SGO2	9	1882
SGPL1	1	822
SGPP1	0	810
SGPP2	2	729
SGSH	6	1044
SGSM1	3	1430
SGSM2	8	1988
SGSM3	1	1599
SGTA	1	555
SGTB	1	345
SH2B1	2	1337
SH2B3	6	1400
SH2D1B	2	195
SH2D2A	2	713
SH2D3A	10	1229
SH2D3C	4	1421
SH2D4A	7	1064
SH2D4B	4	598
SH2D5	1	411
SH2D7	2	385
SH3BGR	1	250
SH3BGRL2	0	221
SH3BP1	1	774
SH3BP2	4	1209
SH3BP4	6	1737
SH3BP5	1	408
SH3BP5L	0	719
SH3D19	5	1273
SH3GL1	0	185
SH3GL2	1	645
SH3GL3	1	576
SH3GLB1	0	514
SH3GLB2	3	709
SH3PXD2A	0	212
SH3PXD2B	4	1638
SH3RF1	3	1395
SH3RF2	6	1382
SH3RF3	7	1828
SH3TC1	20	3194
SH3TC2	3	427
SH3YL1	1	588
SHANK1	7	4094
SHANK2	5	2132
SHB	3	1256
SHBG	1	159
SHC1	1	130
SHC3	2	766
SHC4	2	1145
SHCBP1	4	1066
SHCBP1L	8	1177
SHD	2	538
SHE	0	951
SHF	6	770
SHFL	0	101
SHH	1	795
SHISA2	1	684
SHISA3	1	492
SHISA4	2	298
SHISA5	0	211
SHISA6	2	671
SHISA9	3	917
SHISAL1	1	381
SHISAL2A	0	5
SHISAL2B	4	274
SHKBP1	1	791
SHLD1	2	314
SHMT1	2	657
SHMT2	1	833
SHOC1	20	2115
SHOC2	0	567
SHOX2	0	425
SHPK	4	865
SHPRH	6	2573
SHQ1	3	735
SHROOM1	8	1733
SHROOM3	20	3636
SHTN1	1	810
SI	14	3544
SIAE	3	762
SIAH1	0	109
SIAH2	1	435
SIAH3	0	475
SIDT1	11	1610
SIDT2	6	1467
SIGLEC1	13	3379
SIGLEC10	1	428
SIGLEC11	0	11
SIGLEC12	17	1235
SIGLEC15	5	761
SIGLEC5	5	610
SIGLEC6	9	646
SIGLEC7	1	646
SIGLEC8	6	912
SIGLEC9	11	906
SIGLECL1	1	319
SIGMAR1	2	403
SIK2	1	1331
SIK3	5	1968
SIKE1	0	326
SIL1	3	802
SIM1	5	1394
SIM2	5	1300
SIMC1	0	384
SIN3A	1	1460
SIN3B	3	1768
SINHCAF	0	148
SIPA1	1	1063
SIPA1L1	4	2760
SIPA1L2	11	2613
SIPA1L3	14	3382
SIRAL1	0	452
SIRAL2	2	636
SIRPA	14	620
SIRPB2	3	599
SIRPD	1	383
SIRPG	2	567
SIRT1	4	1252
SIRT2	2	653
SIRT3	2	157
SIRT4	2	545
SIRT5	2	561
SIRT6	1	270
SIRT7	1	896
SIT1	2	350
SIVA1	2	387
SIX1	0	1
SIX2	1	576
SIX3	0	509
SIX4	3	1306
SIX6	3	454
SKA1	2	368
SKA2	0	146
SKA3	1	105
SKAP1	2	568
SKAP2	3	523
SKI	2	1731
SKIC2	4	1083
SKIC3	6	2482
SKIC8	0	393
SKIDA1	5	1391
SKIL	3	1082
SKOR1	2	1242
SKP1	0	127
SKP2	0	489
SLA2	2	467
SLAIN2	1	1134
SLAMF1	4	579
SLAMF6	0	371
SLAMF7	4	525
SLAMF8	6	552
SLAMF9	3	346
SLBP	1	390
SLC10A1	2	784
SLC10A2	7	789
SLC10A4	0	825
SLC10A5	2	130
SLC10A6	4	639
SLC10A7	2	478
SLC11A1	5	1084
SLC11A2	2	813
SLC12A1	6	1873
SLC12A2	2	1988
SLC12A3	7	2001
SLC12A4	2	1009
SLC12A5	2	1545
SLC12A6	2	1680
SLC12A7	6	2269
SLC12A8	7	1201
SLC12A9	3	1023
SLC13A1	3	1079
SLC13A2	4	1087
SLC13A3	2	1075
SLC13A4	1	931
SLC13A5	0	963
SLC14A1	5	687
SLC14A2	10	1774
SLC15A1	6	851
SLC15A2	4	1235
SLC15A3	3	696
SLC15A4	4	1083
SLC16A1	1	686
SLC16A10	1	277
SLC16A12	1	794
SLC16A13	0	748
SLC16A14	0	284
SLC16A3	1	733
SLC16A4	3	757
SLC16A5	1	807
SLC16A6	1	242
SLC16A7	4	813
SLC16A8	6	1247
SLC16A9	5	824
SLC17A1	3	778
SLC17A2	4	716
SLC17A3	0	87
SLC17A4	2	724
SLC17A5	3	779
SLC17A6	1	919
SLC17A7	1	881
SLC17A8	0	930
SLC17A9	5	799
SLC18A1	8	1257
SLC18A2	0	13
SLC18B1	5	898
SLC19A1	3	1354
SLC19A2	1	841
SLC19A3	4	846
SLC1A1	2	1112
SLC1A2	0	806
SLC1A3	1	814
SLC1A4	4	903
SLC1A5	4	552
SLC1A6	0	879
SLC1A7	2	655
SLC20A1	1	1011
SLC20A2	2	1021
SLC22A1	12	1007
SLC22A10	7	1102
SLC22A11	4	1042
SLC22A12	0	999
SLC22A13	2	1038
SLC22A14	12	1058
SLC22A15	1	763
SLC22A16	10	1002
SLC22A17	0	10
SLC22A2	1	773
SLC22A23	0	1267
SLC22A24	11	1241
SLC22A25	7	1147
SLC22A3	1	1094
SLC22A4	2	889
SLC22A5	5	1008
SLC22A6	2	950
SLC22A7	0	449
SLC22A8	3	864
SLC22A9	2	1079
SLC23A1	2	751
SLC23A2	0	874
SLC23A3	1	807
SLC24A1	6	1637
SLC24A2	2	1239
SLC24A3	6	975
SLC24A4	5	985
SLC24A5	0	193
SLC25A1	0	589
SLC25A10	1	646
SLC25A11	0	478
SLC25A12	0	135
SLC25A13	0	1113
SLC25A15	1	321
SLC25A16	0	117
SLC25A17	0	113
SLC25A18	0	246
SLC25A19	0	456
SLC25A2	3	532
SLC25A20	0	471
SLC25A21	2	533
SLC25A22	2	680
SLC25A23	1	787
SLC25A24	0	209
SLC25A25	1	1097
SLC25A26	1	299
SLC25A27	1	333
SLC25A28	0	474
SLC25A29	2	748
SLC25A3	0	567
SLC25A30	0	67
SLC25A31	3	539
SLC25A32	2	565
SLC25A33	2	416
SLC25A34	2	601
SLC25A35	0	41
SLC25A36	0	464
SLC25A37	2	283
SLC25A38	2	241
SLC25A39	1	741
SLC25A4	0	413
SLC25A40	2	457
SLC25A41	4	499
SLC25A42	1	591
SLC25A44	1	371
SLC25A45	5	456
SLC25A46	4	796
SLC25A47	1	300
SLC25A48	2	446
SLC26A1	0	70
SLC26A11	6	927
SLC26A2	5	1132
SLC26A3	5	1351
SLC26A4	1	498
SLC26A5	2	1162
SLC26A6	0	17
SLC26A7	5	1164
SLC26A8	6	1496
SLC26A9	13	1645
SLC27A1	1	1422
SLC27A2	1	1098
SLC27A3	5	1583
SLC27A4	4	1244
SLC27A5	7	1399
SLC27A6	4	1163
SLC28A1	7	1284
SLC28A2	7	1129
SLC28A3	5	1072
SLC29A1	3	751
SLC29A2	2	655
SLC29A3	8	887
SLC29A4	0	52
SLC2A1	0	152
SLC2A10	6	1044
SLC2A11	2	191
SLC2A12	1	908
SLC2A13	2	1070
SLC2A14	1	565
SLC2A2	4	819
SLC2A3	2	622
SLC2A4	0	35
SLC2A5	2	393
SLC2A6	2	400
SLC2A7	9	1073
SLC2A8	0	418
SLC2A9	8	1073
SLC30A1	0	709
SLC30A10	0	426
SLC30A2	0	607
SLC30A3	0	650
SLC30A4	0	645
SLC30A5	2	1102
SLC30A6	0	874
SLC30A7	1	655
SLC30A8	2	545
SLC30A9	3	866
SLC31A1	1	171
SLC31A2	0	5
SLC32A1	2	820
SLC33A1	3	709
SLC34A1	4	904
SLC34A2	7	1364
SLC34A3	9	1404
SLC35A1	2	341
SLC35A3	2	461
SLC35A4	2	606
SLC35A5	2	416
SLC35B1	2	516
SLC35B3	1	602
SLC35B4	0	519
SLC35C1	2	661
SLC35D1	2	624
SLC35D2	1	581
SLC35D3	1	896
SLC35D4	3	490
SLC35E1	0	35
SLC35E3	0	3
SLC35E4	3	651
SLC35F1	1	616
SLC35F2	1	510
SLC35F3	1	891
SLC35F4	0	742
SLC35F5	2	835
SLC35F6	1	633
SLC35G1	0	635
SLC35G2	2	583
SLC35H1	1	665
SLC36A1	1	809
SLC36A2	4	885
SLC36A3	6	813
SLC36A4	2	878
SLC37A1	5	910
SLC37A2	3	927
SLC37A3	2	790
SLC38A1	1	670
SLC38A10	10	2012
SLC38A11	3	694
SLC38A12	5	1049
SLC38A2	3	770
SLC38A3	0	1
SLC38A4	5	794
SLC38A6	4	739
SLC38A7	4	768
SLC38A8	5	1533
SLC38A9	3	809
SLC39A10	1	1113
SLC39A11	6	646
SLC39A12	7	1321
SLC39A13	5	431
SLC39A14	1	728
SLC39A2	6	561
SLC39A3	2	671
SLC39A4	13	1555
SLC39A5	3	1039
SLC39A6	4	1184
SLC39A8	3	719
SLC39A9	1	333
SLC3A1	3	1324
SLC3A2	4	912
SLC40A1	1	817
SLC41A1	0	815
SLC41A2	1	744
SLC41A3	6	897
SLC43A1	2	905
SLC43A2	0	1016
SLC43A3	2	814
SLC44A1	4	1000
SLC44A2	5	1258
SLC44A3	1	1097
SLC44A4	7	1223
SLC44A5	4	1082
SLC45A1	1	1316
SLC45A2	2	1074
SLC45A3	4	919
SLC45A4	5	1610
SLC46A2	4	914
SLC46A3	2	726
SLC47A1	5	1075
SLC47A2	1	770
SLC48A1	0	89
SLC49A3	4	1400
SLC49A4	1	791
SLC4A1	8	1499
SLC4A10	0	1442
SLC4A11	4	1761
SLC4A1AP	2	1237
SLC4A2	4	1194
SLC4A3	7	2090
SLC4A4	6	1392
SLC4A5	4	1948
SLC4A7	5	1744
SLC4A8	0	99
SLC4A9	3	1642
SLC50A1	1	260
SLC51A	1	378
SLC52A1	3	821
SLC52A2	1	970
SLC52A3	6	894
SLC5A1	6	1003
SLC5A10	1	687
SLC5A11	4	1168
SLC5A12	3	1023
SLC5A2	0	76
SLC5A4	10	1085
SLC5A5	1	1284
SLC5A6	3	1069
SLC5A7	3	799
SLC5A8	5	1007
SLC5A9	10	1308
SLC60A1	3	843
SLC60A2	0	72
SLC61A1	0	755
SLC66A1	3	537
SLC66A2	0	86
SLC66A3	0	385
SLC67A1	6	811
SLC67A2	7	985
SLC68A1	0	927
SLC6A1	1	736
SLC6A11	2	955
SLC6A12	4	1023
SLC6A13	4	1122
SLC6A15	3	1140
SLC6A16	4	1216
SLC6A17	2	1094
SLC6A18	9	1176
SLC6A19	3	1297
SLC6A2	2	1008
SLC6A20	3	1070
SLC6A3	2	1026
SLC6A4	2	900
SLC6A5	8	501
SLC6A6	1	364
SLC6A7	3	1197
SLC6A9	1	1055
SLC71A1	0	484
SLC71A2	1	642
SLC7A1	1	898
SLC7A10	2	939
SLC7A11	4	854
SLC7A13	10	922
SLC7A14	4	1342
SLC7A2	10	1571
SLC7A4	9	1245
SLC7A5	2	633
SLC7A6	4	838
SLC7A6OS	4	396
SLC7A7	1	423
SLC7A8	4	924
SLC7A9	4	857
SLC8A1	1	1555
SLC8A2	1	1385
SLC8A3	5	1567
SLC8B1	2	1054
SLC9A1	1	1139
SLC9A2	3	1283
SLC9A3	4	1656
SLC9A4	7	1581
SLC9A5	1	1226
SLC9A8	1	933
SLC9A9	2	1175
SLC9B1	1	179
SLC9B2	4	898
SLC9C1	15	1914
SLC9C2	5	1541
SLC9D1	2	672
SLCO1A2	3	1132
SLCO1B1	9	1289
SLCO1B3	4	1305
SLCO1C1	3	1311
SLCO2A1	6	1128
SLCO2B1	5	1283
SLCO3A1	3	1338
SLCO4A1	6	1468
SLCO4C1	1	1263
SLCO5A1	10	1520
SLCO6A1	6	1276
SLF1	2	1799
SLF2	5	1814
SLFN11	3	688
SLFN12	5	966
SLFN12L	8	980
SLFN13	8	674
SLFN14	11	1426
SLFN5	6	1455
SLFNL1	9	852
SLIRP	0	92
SLIT1	2	2519
SLIT2	3	2357
SLIT3	8	2672
SLITRK1	1	1178
SLITRK3	4	1687
SLITRK5	1	1881
SLITRK6	3	1412
SLK	7	1629
SLMAP	2	1130
SLN	0	53
SLPI	0	256
SLTM	1	1141
SLU7	3	745
SLURP1	0	178
SLURP2	1	186
SLX4	22	3793
SLX4IP	5	664
SLX9	3	374
SMAD1	0	596
SMAD2	0	511
SMAD3	1	552
SMAD4	1	543
SMAD5	0	294
SMAD7	1	820
SMAD9	3	797
SMAGP	0	28
SMAP1	2	287
SMAP2	1	542
SMARCA2	2	2240
SMARCA4	2	2154
SMARCA5	1	1095
SMARCAD1	3	1249
SMARCAL1	6	1548
SMARCB1	0	332
SMARCC1	1	1675
SMARCC2	1	1616
SMARCD1	0	270
SMARCD2	0	700
SMARCD3	0	205
SMARCE1	0	357
SMC1B	7	1580
SMC2	4	1792
SMC3	0	1047
SMC4	2	1223
SMC5	4	1675
SMC6	2	1572
SMCHD1	3	2728
SMCO1	3	123
SMCO2	3	503
SMCO4	0	112
SMCP	1	194
SMCR8	0	140
SMG1	1	3290
SMG5	3	1245
SMG6	14	2669
SMG7	4	1579
SMG8	1	573
SMG9	0	860
SMIM12	0	159
SMIM13	0	146
SMIM14	0	121
SMIM19	0	111
SMIM20	1	135
SMIM21	0	110
SMIM23	1	241
SMIM24	3	200
SMIM3	2	114
SMIM7	0	109
SMIM8	1	181
SMKR1	0	99
SMLR1	2	144
SMNDC1	0	230
SMO	5	1421
SMOC1	2	736
SMOC2	2	874
SMOX	1	824
SMPD2	3	777
SMPD3	4	1332
SMPDL3A	5	741
SMPDL3B	0	377
SMR3A	3	252
SMR3B	0	162
SMTN	12	1756
SMTNL1	3	789
SMTNL2	4	641
SMU1	0	423
SMUG1	3	298
SMURF1	0	757
SMURF2	0	685
SMYD1	4	991
SMYD2	4	758
SMYD3	0	230
SMYD4	12	1310
SMYD5	0	161
SNAI1	2	468
SNAI2	0	379
SNAI3	5	695
SNAP23	0	296
SNAP25	0	189
SNAP29	1	506
SNAP47	7	632
SNAP91	2	1436
SNAPC1	4	693
SNAPC2	3	887
SNAPC3	1	716
SNAPC4	12	3310
SNCA	0	219
SNCAIP	6	1649
SNCB	0	191
SNCG	1	233
SND1	2	1328
SNED1	9	2393
SNF8	0	421
SNIP1	2	659
SNORC	0	62
SNPH	0	280
SNRK	2	1019
SNRNP200	3	2291
SNRNP27	0	243
SNRNP35	1	420
SNRNP40	0	517
SNRNP48	1	584
SNRNP70	0	840
SNRPA	0	467
SNRPA1	0	317
SNRPB	1	346
SNRPB2	0	259
SNRPC	0	190
SNRPD1	0	98
SNRPD2	0	53
SNRPD3	0	140
SNRPE	0	44
SNRPF	0	81
SNRPN	0	336
SNTA1	3	925
SNTB1	4	1053
SNTB2	0	940
SNTG1	3	940
SNTG2	10	1101
SNTN	1	273
SNU13	0	139
SNUPN	4	560
SNURF	0	122
SNW1	0	430
SNX1	3	991
SNX10	0	312
SNX11	0	443
SNX13	0	244
SNX14	2	1416
SNX15	0	16
SNX16	2	543
SNX17	2	840
SNX18	2	1353
SNX19	7	663
SNX2	0	819
SNX20	2	238
SNX21	2	351
SNX24	0	319
SNX25	5	1262
SNX27	2	663
SNX29	1	837
SNX3	0	234
SNX30	1	754
SNX31	4	776
SNX32	0	80
SNX33	1	909
SNX4	1	797
SNX5	1	523
SNX6	0	609
SNX7	3	793
SNX8	7	1062
SNX9	2	872
SOAT1	4	882
SOAT2	4	791
SOBP	5	1658
SOCS1	1	494
SOCS2	1	347
SOCS3	0	351
SOCS4	2	684
SOCS7	2	1065
SOD1	0	235
SOD2	1	313
SOD3	3	587
SOHLH1	7	815
SOHLH2	4	639
SON	0	341
SORBS1	13	1839
SORBS2	2	2063
SORBS3	7	1445
SORCS1	6	2084
SORCS2	11	2563
SORCS3	4	2082
SORL1	11	3712
SORT1	5	1330
SOS1	3	1781
SOS2	4	1962
SOST	1	457
SOSTDC1	1	345
SOWAHA	3	1309
SOWAHB	3	1674
SOWAHC	4	1198
SOX10	0	492
SOX11	0	777
SOX13	0	11
SOX14	0	440
SOX15	0	473
SOX17	4	1003
SOX2	0	193
SOX30	4	662
SOX5	0	702
SOX6	0	1171
SOX7	3	1055
SOX8	1	1174
SOX9	0	908
SP1	0	1277
SP100	8	1421
SP110	12	1153
SP140	6	1029
SP140L	6	680
SP2	2	920
SP3	1	316
SP4	4	1431
SP5	2	1007
SP6	0	733
SP7	0	762
SP8	2	979
SP9	0	861
SPA17	0	245
SPACA1	1	529
SPACA3	5	421
SPACA7	1	189
SPACA9	0	88
SPACDR	0	126
SPAG1	6	1308
SPAG16	6	1160
SPAG17	16	3607
SPAG4	1	861
SPAG5	2	1322
SPAG6	1	748
SPAG7	2	428
SPAG9	2	1824
SPAM1	4	795
SPARC	3	499
SPARCL1	6	1009
SPART	2	1057
SPAST	2	983
SPATA1	0	103
SPATA12	1	315
SPATA13	5	1136
SPATA16	9	904
SPATA17	3	682
SPATA18	7	1040
SPATA19	2	308
SPATA2	4	962
SPATA20	5	1546
SPATA21	7	905
SPATA22	5	441
SPATA24	3	317
SPATA2L	1	1058
SPATA31E1	33	2869
SPATA31G1	10	1937
SPATA32	1	612
SPATA33	3	382
SPATA4	1	509
SPATA45	3	158
SPATA6	3	777
SPATA6L	0	73
SPATA7	6	779
SPATA9	2	414
SPATC1	8	1192
SPATC1L	9	830
SPATS1	3	497
SPATS2	3	844
SPATS2L	2	912
SPC24	0	226
SPC25	1	345
SPCS1	1	185
SPCS2	0	240
SPCS3	0	236
SPDEF	5	421
SPDL1	10	1074
SPDYA	0	377
SPDYE4	4	470
SPECC1	6	1846
SPECC1L	5	1594
SPEF1	1	198
SPEF2	21	3127
SPEG	24	6344
SPEM2	3	558
SPEN	10	5054
SPESP1-NOX5	5	1361
SPG11	13	4516
SPG21	1	496
SPG7	7	1898
SPHKAP	11	2949
SPI1	0	439
SPIB	1	373
SPIC	0	167
SPICE1	6	1340
SPIDR	4	1695
SPIN1	0	236
SPINDOC	0	691
SPINK1	4	137
SPINK13	1	159
SPINK2	0	142
SPINK4	3	142
SPINK5	19	1733
SPINK6	1	133
SPINK7	1	161
SPINK8	1	151
SPINK9	0	138
SPINT1	7	1021
SPINT2	3	440
SPINT3	2	142
SPINT4	2	153
SPIRE1	0	820
SPIRE2	3	1581
SPMAP1	2	160
SPMAP2	7	841
SPMAP2L	1	414
SPMIP10	0	171
SPMIP2	8	321
SPMIP3	2	263
SPMIP4	10	1020
SPMIP5	1	237
SPMIP6	1	434
SPMIP7	4	457
SPMIP8	1	503
SPMIP9	5	354
SPN	5	735
SPNS1	5	909
SPNS2	2	945
SPNS3	10	1063
SPO11	3	600
SPOCD1	6	1151
SPOCK1	1	752
SPOCK2	2	737
SPOCK3	1	711
SPON1	2	736
SPOP	0	331
SPOPL	1	545
SPOUT1	2	543
SPP1	4	514
SPP2	2	409
SPPL2A	8	807
SPPL2B	0	5
SPPL2C	18	1341
SPPL3	0	438
SPR	1	520
SPRED1	0	667
SPRED2	2	843
SPRING1	1	283
SPRR1A	2	177
SPRR1B	1	150
SPRR2A	1	107
SPRR2B	0	84
SPRR2D	1	134
SPRR2E	3	96
SPRR2F	4	130
SPRR2G	1	140
SPRR3	3	260
SPRR4	1	105
SPRTN	0	286
SPRY1	1	622
SPRY2	2	526
SPRY4	3	686
SPRYD3	0	592
SPRYD7	0	285
SPSB1	0	423
SPSB4	0	631
SPTA1	20	2514
SPTAN1	3	3279
SPTB	13	3465
SPTBN1	4	3637
SPTBN2	8	4009
SPTBN4	9	4393
SPTBN5	37	7428
SPTLC1	1	683
SPTLC2	1	803
SPTLC3	2	933
SPTSSA	0	152
SPTSSB	0	125
SPTY2D1	4	1044
SPX	0	218
SPZ1	7	604
SQLE	2	885
SQOR	2	826
SQSTM1	2	345
SRA1	1	139
SRARP	2	329
SRBD1	5	1996
SRC	0	782
SRCAP	5	5588
SRCIN1	0	261
SRD5A1	0	209
SRD5A2	2	228
SRD5A3	0	358
SREBF1	6	2052
SREBF2	4	1920
SREK1	0	129
SREK1IP1	0	2
SRF	0	518
SRFBP1	6	893
SRGAP1	3	1608
SRGAP3	0	1823
SRGN	3	240
SRI	0	356
SRL	0	900
SRM	0	424
SRMS	6	573
SRP19	0	195
SRP54	0	539
SRP68	3	727
SRP72	2	556
SRP9	0	56
SRPK1	0	13
SRPK2	0	878
SRPRA	0	75
SRPRB	2	360
SRR	0	76
SRRD	1	615
SRRM1	3	1334
SRRM2	15	5001
SRRM4	5	1144
SRRM5	0	24
SRRT	0	106
SRSF1	0	201
SRSF11	0	449
SRSF12	2	416
SRSF4	5	735
SRSF5	0	145
SRSF7	0	343
SRSF8	0	597
SRSF9	1	177
SRXN1	1	331
SS18	2	682
SS18L1	1	722
SS18L2	0	152
SSB	0	118
SSBP1	0	221
SSBP2	1	475
SSBP3	0	103
SSBP4	1	882
SSC4D	7	1221
SSC5D	13	2225
SSH1	3	1324
SSH2	8	2062
SSH3	4	1229
SSMEM1	1	382
SSNA1	0	291
SSPN	2	459
SSR1	2	422
SSR2	0	273
SSR3	0	299
SSRP1	0	716
SST	3	219
SSTR1	0	773
SSTR2	0	551
SSTR3	5	769
SSTR4	5	963
SSTR5	9	808
SSU72	0	282
SSUH2	3	680
SSX2IP	1	961
ST13	0	412
ST14	5	1648
ST18	2	1829
ST3GAL1	4	568
ST3GAL2	0	641
ST3GAL3	2	686
ST3GAL4	1	470
ST3GAL5	1	207
ST3GAL6	2	526
ST6GAL1	0	656
ST6GAL2	9	1061
ST6GALNAC1	2	1094
ST6GALNAC2	2	796
ST6GALNAC3	2	514
ST6GALNAC4	1	559
ST6GALNAC5	2	455
ST6GALNAC6	0	434
ST7	1	764
ST7L	5	668
ST8SIA1	1	260
ST8SIA2	0	617
ST8SIA3	1	546
ST8SIA4	0	510
ST8SIA5	0	692
ST8SIA6	2	611
STAB1	12	3359
STAB2	18	4728
STAC	3	744
STAC2	2	815
STAC3	0	601
STAG1	1	1484
STAG3	2	1120
STAM	0	643
STAM2	1	843
STAMBP	1	720
STAMBPL1	0	146
STAP1	0	523
STAP2	1	226
STAR	1	553
STARD10	0	521
STARD13	5	2211
STARD3	2	518
STARD3NL	0	368
STARD4	0	363
STARD5	2	389
STARD6	2	299
STARD7	3	729
STARD9	33	8456
STAT1	0	562
STAT2	3	954
STAT3	1	720
STAT4	2	971
STAT5A	0	618
STAT5B	0	690
STAT6	2	725
STATH	0	115
STAU1	2	735
STAU2	1	571
STBD1	0	605
STC1	0	347
STC2	1	515
STEAP1	0	147
STEAP1B	1	157
STEAP2	5	731
STEAP3	5	963
STEAP4	2	428
STIL	8	1858
STIM1	2	1035
STIM2	1	1002
STIMATE	2	486
STING1	5	602
STIP1	0	619
STK10	4	1676
STK11	1	826
STK11IP	1	402
STK17A	4	707
STK17B	1	516
STK24	0	550
STK25	0	226
STK3	1	699
STK31	13	1693
STK32A	0	94
STK32B	1	917
STK32C	2	921
STK33	3	900
STK35	2	1004
STK36	16	1753
STK38	0	644
STK38L	0	514
STK39	1	721
STK4	4	659
STK40	0	581
STKLD1	2	741
STMN1	1	241
STMN2	0	203
STMN3	0	181
STMN4	0	257
STMND1	0	321
STN1	3	560
STOM	2	437
STOML1	0	551
STOML3	2	536
STON1	7	1584
STON2	7	1501
STOX1	10	1477
STOX2	6	1536
STPG1	3	533
STPG2	6	870
STPG4	2	309
STRA6	1	878
STRA8	0	499
STRADA	0	361
STRADB	0	510
STRAP	1	448
STRBP	1	798
STRIP1	0	1329
STRIP2	5	1381
STRN	2	1441
STRN3	2	887
STRN4	1	1311
STT3A	0	888
STT3B	0	1053
STUB1	1	750
STUM	0	207
STX10	0	488
STX11	4	657
STX12	0	428
STX16	2	363
STX17	2	440
STX18	3	615
STX1A	0	403
STX1B	0	348
STX2	4	480
STX3	1	518
STX4	0	505
STX5	1	383
STX6	0	428
STX7	1	399
STX8	2	462
STXBP1	1	603
STXBP2	7	1133
STXBP3	1	843
STXBP4	2	885
STXBP5	3	1751
STXBP5L	6	1939
STXBP6	0	351
STYK1	3	767
STYX	1	284
STYXL1	2	522
STYXL2	17	2310
SUB1	0	114
SUCLA2	2	181
SUCLG1	1	628
SUCLG2	7	825
SUCNR1	0	562
SUCO	2	1873
SUDS3	0	175
SUFU	1	655
SUGCT	3	734
SUGP1	2	1130
SUGP2	7	1573
SUGT1	1	417
SULF1	3	1378
SULF2	2	1530
SULT1B1	3	556
SULT1C2	7	557
SULT1C3	8	553
SULT1C4	2	527
SULT1E1	1	535
SULT2A1	2	473
SULT2B1	4	721
SULT4A1	0	437
SULT6B1	8	563
SUMF1	3	860
SUMF2	3	423
SUMO1	0	56
SUMO2	0	38
SUMO3	1	134
SUMO4	1	163
SUN1	3	536
SUN2	5	1185
SUN3	1	612
SUN5	1	569
SUOX	0	89
SUPT16H	1	1004
SUPT20H	2	1055
SUPT3H	0	457
SUPT4H1	1	163
SUPT5H	0	1463
SUPT6H	2	1859
SUPT7L	0	183
SUPV3L1	4	1205
SURF2	5	639
SURF6	7	558
SUSD1	4	1207
SUSD2	3	1183
SUSD3	5	495
SUSD4	2	783
SUSD5	6	1141
SUSD6	1	509
SUV39H2	0	360
SUZ12	1	442
SV2A	0	1058
SV2B	2	1136
SV2C	4	1148
SVBP	0	44
SVEP1	44	5840
SVIL	10	2689
SVIP	0	125
SVOP	1	377
SVOPL	5	900
SWAP70	1	868
SWI5	0	214
SWT1	5	1294
SYBU	3	1127
SYCE1	5	554
SYCE1L	3	536
SYCE2	0	73
SYCE3	0	37
SYCN	0	339
SYCP1	6	1466
SYCP2	11	2406
SYCP2L	8	1278
SYCP3	0	186
SYDE1	1	496
SYDE2	2	396
SYF2	2	417
SYK	0	887
SYMPK	2	1538
SYN2	1	403
SYN3	3	945
SYNC	8	812
SYNCRIP	0	588
SYNDIG1	1	466
SYNDIG1L	1	440
SYNE1	40	12077
SYNE2	64	11167
SYNE3	12	1843
SYNE4	0	148
SYNGAP1	1	1403
SYNGR1	0	257
SYNGR2	2	72
SYNGR3	0	177
SYNGR4	2	380
SYNJ1	3	1906
SYNJ2	11	2788
SYNJ2BP	0	233
SYNM	5	943
SYNPO	2	1403
SYNPO2	7	2257
SYNPO2L	4	1468
SYNPR	1	505
SYNRG	3	948
SYPL1	0	435
SYPL2	4	428
SYS1	0	263
SYT1	1	459
SYT10	2	881
SYT11	1	618
SYT12	2	806
SYT13	1	764
SYT16	2	378
SYT17	0	804
SYT2	0	498
SYT3	0	942
SYT4	2	696
SYT5	1	595
SYT6	3	945
SYT7	1	616
SYT9	3	878
SYTL1	2	1108
SYTL2	11	1611
SYTL3	5	949
SYVN1	0	173
SZRD1	0	218
SZT2	2	979
TAAR1	0	624
TAAR2	2	614
TAAR5	8	738
TAAR6	9	721
TAAR8	3	636
TAAR9	7	650
TAB1	1	939
TAB2	0	817
TAC1	0	197
TAC3	1	194
TAC4	0	152
TACC1	0	614
TACC2	39	5238
TACC3	6	1506
TACO1	2	521
TACR1	1	707
TACR2	7	594
TACR3	3	838
TACSTD2	4	753
TADA1	1	341
TADA2A	0	416
TADA2B	0	130
TADA3	0	705
TAF11	1	64
TAF12	1	205
TAF13	0	166
TAF15	0	303
TAF1A	4	651
TAF1B	9	926
TAF1C	12	2007
TAF1D	1	419
TAF1L	10	2915
TAF2	6	1587
TAF3	6	1270
TAF4B	6	1441
TAF5	2	927
TAF5L	2	880
TAF6	2	1257
TAF6L	3	1248
TAF7	1	449
TAF8	1	649
TAF9	1	375
TAFA1	0	212
TAFA2	1	190
TAFA3	1	271
TAFA4	0	306
TAFA5	0	271
TAGAP	5	937
TAGLN	0	363
TAGLN3	0	332
TAL2	0	165
TALDO1	1	748
TAMM41	3	587
TANC1	13	2975
TANC2	2	2799
TANGO2	2	490
TANGO6	4	1862
TANK	5	601
TAOK1	0	1052
TAOK2	0	1056
TAOK3	1	1226
TAP1	14	1174
TAP2	10	757
TAPBP	2	539
TAPBPL	8	803
TAPT1	2	879
TARBP1	14	3046
TARBP2	2	573
TARDBP	0	212
TARM1	5	486
TARS1	6	1203
TARS2	0	244
TARS3	4	1336
TAS1R1	5	541
TAS1R2	10	1719
TAS1R3	5	2260
TAS2R1	2	521
TAS2R10	1	542
TAS2R13	2	535
TAS2R14	0	2
TAS2R16	2	527
TAS2R3	2	559
TAS2R39	2	515
TAS2R4	8	463
TAS2R40	4	520
TAS2R41	3	509
TAS2R42	6	516
TAS2R5	7	487
TAS2R60	2	523
TAS2R8	5	556
TASOR	6	2048
TASOR2	23	4035
TASP1	0	554
TAT	2	771
TATDN1	1	442
TATDN2	9	1460
TATDN3	1	450
TAX1BP1	3	1229
TBATA	4	677
TBC1D1	7	2065
TBC1D10A	3	930
TBC1D10B	2	515
TBC1D10C	3	584
TBC1D12	0	1511
TBC1D13	0	421
TBC1D14	3	1004
TBC1D15	0	1009
TBC1D16	5	1590
TBC1D17	3	1491
TBC1D19	1	765
TBC1D2	9	1284
TBC1D20	1	643
TBC1D21	2	618
TBC1D22A	4	986
TBC1D22B	1	685
TBC1D23	4	1053
TBC1D24	2	834
TBC1D2B	4	1452
TBC1D30	4	610
TBC1D31	7	1644
TBC1D32	12	2232
TBC1D4	8	2141
TBC1D5	7	1327
TBC1D7	1	430
TBC1D8	4	1631
TBC1D9	3	1907
TBC1D9B	11	2094
TBCA	0	172
TBCB	0	530
TBCC	5	767
TBCCD1	1	836
TBCD	3	1871
TBCE	3	681
TBCEL	0	163
TBCK	6	1529
TBK1	1	958
TBKBP1	3	1150
TBL1XR1	0	454
TBL2	3	804
TBL3	9	1582
TBP	0	347
TBPL1	1	189
TBR1	0	1044
TBRG1	0	154
TBRG4	3	1128
TBX1	1	556
TBX10	0	171
TBX15	3	803
TBX18	2	1206
TBX19	0	752
TBX2	3	1490
TBX20	0	322
TBX21	2	943
TBX3	1	1472
TBX4	4	968
TBX5	1	908
TBX6	2	860
TBXA2R	1	812
TBXAS1	11	1003
TBXT	5	782
TC2N	3	819
TCAIM	1	682
TCEA1	2	351
TCEA2	0	157
TCEA3	0	520
TCEANC2	1	356
TCERG1	1	1502
TCERG1L	7	1104
TCF12	1	1228
TCF20	6	3352
TCF21	2	281
TCF23	1	392
TCF25	4	1500
TCF3	8	1696
TCF4	1	948
TCF7	2	824
TCF7L1	3	973
TCF7L2	1	632
TCHH	17	4173
TCHHL1	4	1499
TCHP	2	964
TCIM	1	209
TCIRG1	7	1687
TCL1A	1	220
TCL1B	2	261
TCN1	4	774
TCN2	10	987
TCOF1	14	2261
TCP1	0	751
TCP10L	2	364
TCP11	4	665
TCP11L1	4	755
TCP11L2	4	857
TCTA	0	2
TCTN1	0	644
TCTN2	3	1188
TCTN3	5	1036
TDG	2	358
TDO2	0	10
TDP1	2	1055
TDP2	3	456
TDRD1	5	1805
TDRD10	0	223
TDRD12	10	1904
TDRD3	2	992
TDRD5	8	1413
TDRD6	19	4330
TDRD7	2	1649
TDRD9	9	2263
TDRKH	2	471
TDRP	1	513
TEAD1	0	494
TEAD2	3	571
TEAD3	2	445
TEAD4	2	683
TEC	0	637
TECPR1	6	1675
TECPR2	11	2099
TECR	0	8
TECRL	2	722
TECTA	10	3796
TECTB	2	624
TEDC1	6	852
TEDC2	1	270
TEDDM1	2	490
TEF	0	528
TEFM	0	286
TEK	7	1817
TEKT1	8	751
TEKT2	3	775
TEKT3	4	879
TEKT5	16	1230
TEKTIP1	8	594
TEKTL1	10	1130
TELO2	13	1884
TEN1	1	231
TENM2	8	3151
TENM3	3	2465
TENM4	16	4692
TENT2	1	809
TENT4A	0	1245
TENT4B	1	671
TENT5A	2	662
TENT5B	3	823
TENT5C	4	577
TEP1	37	4654
TEPSIN	6	1163
TERB2	1	144
TERF1	0	534
TERF2	2	813
TERF2IP	0	642
TERT	3	1951
TES	3	674
TESC	0	379
TESK2	3	745
TESMIN	5	940
TESPA1	9	894
TET1	17	3129
TET2	9	2108
TET3	4	2977
TEX10	2	1171
TEX101	1	382
TEX12	2	190
TEX14	6	2616
TEX15	21	4968
TEX19	1	278
TEX2	4	1820
TEX26	4	555
TEX261	2	171
TEX264	0	356
TEX29	2	290
TEX30	0	280
TEX35	7	400
TEX36	3	341
TEX38	2	14
TEX44	8	710
TEX46	0	181
TEX47	3	422
TEX48	3	130
TEX55	7	911
TEX9	2	649
TF	7	1152
TFAM	1	239
TFAP2A	0	684
TFAP2B	1	760
TFAP2C	1	741
TFAP2D	2	784
TFAP2E	2	923
TFAP4	1	607
TFB1M	0	407
TFB2M	1	456
TFCP2	0	585
TFCP2L1	2	783
TFDP1	0	471
TFDP2	1	305
TFEB	0	758
TFEC	4	588
TFF1	2	179
TFF2	1	256
TFF3	0	132
TFG	1	638
TFIP11	1	448
TFPI	3	431
TFPI2	1	437
TFR2	4	1198
TFRC	1	1240
TG	38	5354
TGDS	0	539
TGFA	1	273
TGFB1	3	691
TGFB1I1	1	818
TGFB2	2	644
TGFB3	0	530
TGFBI	2	1272
TGFBR1	0	481
TGFBR2	3	829
TGFBR3	6	1318
TGFBRAP1	1	1405
TGIF1	2	379
TGIF2	0	400
TGM1	4	1491
TGM2	3	1292
TGM3	6	1380
TGM4	13	1215
TGM5	11	1275
TGM6	6	1442
TGM7	9	1354
TGOLN2	4	790
TGS1	14	1472
TH	2	115
THADA	2	695
THAP1	0	270
THAP10	0	454
THAP12	0	182
THAP2	2	352
THAP3	3	444
THAP6	4	377
THAP7	3	684
THAP8	6	503
THAP9	6	1264
THBD	5	1339
THBS1	3	1753
THBS2	5	2007
THBS3	1	837
THBS4	7	1655
THEM4	4	428
THEM5	3	382
THEMIS	4	1144
THEMIS2	2	861
THG1L	1	545
THNSL1	5	1268
THNSL2	6	828
THOC1	1	831
THOC5	1	198
THOC7	0	12
THOP1	1	1314
THPO	1	341
THRA	0	406
THRAP3	1	483
THRB	0	583
THRSP	2	261
THSD1	6	1293
THSD4	7	2015
THSD7A	9	2961
THSD7B	10	2851
THTPA	1	414
THUMPD1	0	439
THUMPD2	0	669
THUMPD3	4	863
THY1	0	251
TIA1	2	547
TIAL1	0	62
TIAM1	9	2719
TIAM2	17	2871
TICAM1	5	1345
TICAM2	1	402
TICRR	16	3753
TIE1	1	2070
TIFA	0	135
TIGAR	0	370
TIGD4	7	797
TIGD6	4	822
TIGD7	2	953
TIGIT	1	443
TIMCC	0	146
TIMD4	3	729
TIMELESS	10	2121
TIMM10	0	135
TIMM13	0	225
TIMM17A	1	300
TIMM21	1	451
TIMM22	1	210
TIMM44	4	665
TIMM50	1	575
TIMM9	0	4
TIMMDC1	2	315
TIMP2	0	349
TIMP3	0	309
TIMP4	0	414
TINAG	8	1019
TINAGL1	1	780
TINF2	2	754
TIPARP	1	917
TIPE1	0	357
TIPE3	3	451
TIPIN	4	440
TIPRL	0	340
TIRAP	5	444
TJAP1	2	292
TJP1	6	2984
TJP2	7	2026
TJP3	8	1328
TK1	0	181
TK2	0	311
TKFC	2	523
TKT	6	1135
TKTL2	2	1112
TLCD2	4	558
TLCD3A	0	440
TLCD3B	0	381
TLCD4	0	378
TLCD5	1	447
TLDC2	5	442
TLE1	1	1098
TLE2	5	1594
TLE3	1	1162
TLE4	2	1055
TLE5	0	454
TLE6	1	1308
TLK1	0	186
TLK2	0	338
TLL1	3	1650
TLL2	5	1956
TLN1	2	3667
TLN2	2	1518
TLNRD1	0	930
TLR1	7	755
TLR10	16	1285
TLR2	5	1173
TLR3	4	1430
TLR4	7	1346
TLR5	0	26
TLR6	6	700
TLR9	2	1300
TLX1	2	646
TLX2	0	616
TLX3	1	615
TM2D1	0	348
TM2D3	2	578
TM4SF1	0	389
TM4SF18	1	364
TM4SF19	4	348
TM4SF20	5	396
TM4SF4	0	396
TM4SF5	1	389
TM6SF1	2	248
TM6SF2	3	296
TM7SF2	3	735
TM7SF3	3	953
TM9SF1	2	919
TM9SF2	0	746
TM9SF3	2	754
TM9SF4	1	851
TMA16	3	232
TMBIM1	4	324
TMBIM4	2	462
TMBIM6	1	380
TMC1	3	1220
TMC2	7	1628
TMC3	15	1953
TMC4	0	81
TMC5	9	1895
TMC6	7	877
TMC7	9	1247
TMC8	8	958
TMCC1	1	783
TMCC2	3	1197
TMCC3	5	850
TMCO1	0	287
TMCO2	2	278
TMCO4	7	938
TMCO5A	5	544
TMCO6	1	891
TMED1	0	485
TMED10	0	240
TMED2	0	252
TMED3	6	455
TMED4	1	360
TMED5	0	128
TMED6	0	87
TMED7	1	320
TMED8	5	564
TMED9	1	361
TMEFF1	2	559
TMEFF2	1	548
TMEM100	0	198
TMEM101	1	463
TMEM106B	2	435
TMEM106C	4	412
TMEM107	0	252
TMEM108	1	924
TMEM11	0	296
TMEM116	1	477
TMEM117	2	805
TMEM119	5	615
TMEM120B	3	432
TMEM121	1	647
TMEM123	3	417
TMEM125	3	430
TMEM126A	1	134
TMEM126B	2	426
TMEM127	0	479
TMEM128	1	173
TMEM129	4	532
TMEM130	2	850
TMEM131	6	2990
TMEM131L	13	2511
TMEM132A	9	1910
TMEM132B	4	1665
TMEM132C	14	2134
TMEM132D	10	2023
TMEM132E	4	1984
TMEM134	2	512
TMEM135	3	695
TMEM138	0	279
TMEM140	4	363
TMEM141	1	257
TMEM143	2	673
TMEM144	1	622
TMEM145	1	680
TMEM147	0	410
TMEM14A	1	152
TMEM14B	0	120
TMEM14C	1	216
TMEM150A	0	268
TMEM150B	1	209
TMEM150C	2	366
TMEM151A	4	1107
TMEM154	2	331
TMEM156	2	397
TMEM160	1	463
TMEM161A	1	952
TMEM161B	2	534
TMEM163	0	365
TMEM165	0	448
TMEM167B	0	99
TMEM168	3	1099
TMEM169	0	478
TMEM17	2	370
TMEM170A	0	298
TMEM170B	0	208
TMEM171	5	613
TMEM174	0	465
TMEM175	10	1121
TMEM176A	7	408
TMEM176B	5	379
TMEM177	6	538
TMEM178A	0	589
TMEM178B	1	176
TMEM179	0	325
TMEM18	1	294
TMEM181	3	947
TMEM182	1	340
TMEM183A	3	430
TMEM184A	5	945
TMEM184B	1	654
TMEM184C	0	513
TMEM185B	1	608
TMEM19	2	582
TMEM190	1	369
TMEM192	0	459
TMEM196	0	374
TMEM198	0	230
TMEM200A	1	788
TMEM201	5	965
TMEM202	3	463
TMEM203	0	164
TMEM204	2	469
TMEM205	0	157
TMEM207	2	297
TMEM209	5	822
TMEM212	0	314
TMEM214	3	1182
TMEM215	1	412
TMEM216	1	245
TMEM217	2	336
TMEM218	1	191
TMEM219	1	337
TMEM220	2	302
TMEM222	1	453
TMEM225	3	364
TMEM225B	0	3
TMEM229A	1	795
TMEM229B	0	284
TMEM230	2	208
TMEM231	5	674
TMEM232	17	1293
TMEM233	0	194
TMEM234	2	248
TMEM236	11	691
TMEM237	1	214
TMEM239	1	371
TMEM242	3	261
TMEM243	1	252
TMEM244	5	228
TMEM245	6	1655
TMEM248	0	532
TMEM252	1	299
TMEM255B	3	294
TMEM256	2	235
TMEM258	0	132
TMEM259	0	163
TMEM26	0	272
TMEM260	4	1318
TMEM263	1	160
TMEM267	0	350
TMEM268	1	620
TMEM269	0	324
TMEM270	7	490
TMEM273	5	287
TMEM33	0	131
TMEM37	0	18
TMEM38A	1	522
TMEM38B	3	517
TMEM39A	1	654
TMEM39B	0	867
TMEM40	0	420
TMEM41A	1	199
TMEM41B	2	492
TMEM43	4	564
TMEM44	3	682
TMEM45A	1	453
TMEM45B	3	528
TMEM50A	2	216
TMEM50B	1	216
TMEM51	0	440
TMEM52B	3	334
TMEM53	0	56
TMEM54	0	298
TMEM59	0	413
TMEM59L	3	704
TMEM60	1	184
TMEM61	3	380
TMEM62	1	997
TMEM63A	3	1042
TMEM63B	1	1120
TMEM63C	3	1258
TMEM64	1	688
TMEM65	0	368
TMEM67	4	1616
TMEM68	1	385
TMEM70	5	333
TMEM71	2	520
TMEM72	2	502
TMEM74	0	547
TMEM74B	2	510
TMEM79	3	757
TMEM82	1	181
TMEM86A	2	392
TMEM86B	3	534
TMEM87A	0	873
TMEM87B	1	936
TMEM9	0	288
TMEM91	1	120
TMEM92	3	280
TMEM94	2	2299
TMEM95	0	24
TMEM97	0	164
TMEM98	0	323
TMEM9B	0	167
TMF1	6	1734
TMIE	0	165
TMIGD1	1	477
TMIGD2	6	554
TMIGD3	1	236
TMOD1	2	597
TMOD2	1	535
TMOD3	0	546
TMOD4	4	575
TMPO	1	728
TMPRSS11A	5	727
TMPRSS11B	4	733
TMPRSS11D	0	666
TMPRSS11E	3	742
TMPRSS11F	8	745
TMPRSS12	4	628
TMPRSS13	3	948
TMPRSS15	12	1885
TMPRSS2	4	1002
TMPRSS3	6	894
TMPRSS4	6	812
TMPRSS5	4	879
TMPRSS6	8	1581
TMPRSS7	8	1257
TMPRSS9	1	17
TMSB10	0	67
TMT1A	1	403
TMTC1	6	1345
TMTC2	3	1378
TMTC3	3	1303
TMTC4	4	991
TMUB2	1	600
TMX2	2	538
TMX3	4	740
TMX4	2	599
TNC	23	3593
TNFAIP1	0	510
TNFAIP2	4	1177
TNFAIP3	3	1193
TNFAIP6	4	429
TNFAIP8	0	337
TNFRSF10A	7	1007
TNFRSF10B	4	626
TNFRSF10C	2	337
TNFRSF10D	20	754
TNFRSF11A	3	596
TNFRSF11B	2	650
TNFRSF13B	4	453
TNFRSF14	3	542
TNFRSF17	1	429
TNFRSF18	5	641
TNFRSF19	4	755
TNFRSF1A	1	129
TNFRSF1B	2	823
TNFRSF21	4	1076
TNFRSF25	0	314
TNFRSF4	0	133
TNFRSF8	4	1123
TNFRSF9	2	460
TNFSF10	2	481
TNFSF11	1	395
TNFSF12	0	498
TNFSF13B	0	384
TNFSF14	2	390
TNFSF15	1	367
TNFSF18	1	296
TNFSF4	1	267
TNFSF8	0	346
TNFSF9	3	580
TNIK	2	1828
TNIP1	5	1047
TNIP2	5	908
TNIP3	3	640
TNK1	2	737
TNK2	11	2537
TNKS	1	2730
TNKS2	2	1662
TNN	16	2612
TNNC1	0	214
TNNC2	0	266
TNNI1	1	266
TNNI2	0	350
TNNI3	0	262
TNNI3K	6	1491
TNNT1	1	512
TNNT2	1	444
TNNT3	0	464
TNP1	0	96
TNP2	3	319
TNPO1	0	938
TNPO2	0	1028
TNPO3	0	1307
TNR	7	2314
TNRC18	11	2956
TNRC6A	14	2944
TNRC6B	1	1527
TNRC6C	6	2798
TNS1	25	3196
TNS2	3	1055
TNS3	16	2639
TNS4	8	1315
TNXB	37	5003
TOB1	0	426
TOB2	3	578
TOGARAM1	4	1660
TOGARAM2	19	2004
TOLLIP	2	456
TOM1	0	225
TOM1L1	0	611
TOM1L2	0	803
TOMM20	0	176
TOMM20L	1	202
TOMM22	0	256
TOMM34	0	389
TOMM40	0	24
TOMM5	0	90
TOMM6	0	1
TOMM7	0	111
TOMM70	1	890
TONSL	7	2478
TOP1	1	742
TOP1MT	10	1264
TOP2A	4	1405
TOP2B	7	2074
TOP3A	8	1675
TOP3B	4	1140
TOP6BL	1	648
TOPAZ1	10	2600
TOPBP1	6	2216
TOPORS	4	1412
TOR1A	2	433
TOR1AIP1	7	1097
TOR1AIP2	0	697
TOR1B	1	586
TOR2A	1	80
TOR3A	3	647
TOR4A	5	1028
TOX	2	817
TOX2	7	944
TOX3	3	848
TOX4	0	95
TP53	1	660
TP53AIP1	2	167
TP53BP1	12	2754
TP53BP2	5	1771
TP53I11	0	283
TP53I3	0	264
TP53INP1	0	379
TP53INP2	0	317
TP53RK	1	292
TP53TG5	3	438
TP63	1	1003
TP73	1	1026
TPBG	4	999
TPCN1	2	1261
TPCN2	9	1529
TPD52	3	281
TPD52L1	1	309
TPD52L2	2	410
TPD52L3	1	304
TPGS2	2	451
TPH1	1	690
TPH2	2	779
TPK1	1	423
TPM1	0	349
TPM2	0	356
TPM3	0	248
TPM4	1	153
TPMT	2	309
TPO	12	1928
TPP1	2	311
TPP2	1	1594
TPPP	1	387
TPPP2	3	213
TPPP3	0	282
TPR	13	3105
TPRA1	3	540
TPRG1	2	489
TPRG1L	0	179
TPRKB	0	314
TPRX1	4	784
TPSG1	15	994
TPST1	1	526
TPST2	1	721
TPT1	0	230
TPX2	2	1098
TRA2A	0	472
TRA2B	0	135
TRABD	0	774
TRABD2A	4	876
TRADD	0	204
TRAF1	4	717
TRAF2	1	913
TRAF3	2	705
TRAF3IP2	7	858
TRAF3IP3	2	335
TRAF4	1	699
TRAF5	2	804
TRAF6	0	311
TRAF7	0	1162
TRAFD1	3	900
TRAIP	1	670
TRAK1	4	1701
TRAK2	3	1505
TRAM1	1	557
TRAM1L1	0	658
TRAM2	1	560
TRANK1	10	4895
TRAP1	8	1495
TRAPPC1	0	260
TRAPPC10	4	1675
TRAPPC11	6	1701
TRAPPC12	6	1656
TRAPPC13	3	543
TRAPPC14	1	1021
TRAPPC3	0	121
TRAPPC3L	1	172
TRAPPC5	1	396
TRAPPC6A	1	378
TRAPPC6B	0	318
TRAPPC8	12	2246
TRAPPC9	4	2068
TRARG1	5	388
TRAT1	3	346
TRDMT1	0	507
TRDN	13	1351
TREH	3	668
TREM1	2	413
TREM2	6	406
TREML1	0	131
TREML2	5	370
TREML4	4	391
TRERF1	7	1798
TRH	4	475
TRHDE	1	1670
TRHR	1	632
TRIB1	1	722
TRIB2	1	501
TRIB3	7	733
TRIL	0	3
TRIM10	5	345
TRIM11	0	810
TRIM14	2	472
TRIM15	9	902
TRIM16	2	299
TRIM17	2	311
TRIM2	1	1063
TRIM21	3	952
TRIM22	8	902
TRIM23	0	751
TRIM24	3	1436
TRIM25	5	1091
TRIM26	2	702
TRIM27	1	507
TRIM28	2	1609
TRIM29	3	1133
TRIM3	0	1145
TRIM31	12	677
TRIM33	2	1522
TRIM34	6	823
TRIM35	3	1002
TRIM36	4	1311
TRIM37	3	1536
TRIM38	4	791
TRIM39	1	569
TRIM4	5	528
TRIM40	7	396
TRIM41	2	1192
TRIM42	8	1305
TRIM44	1	568
TRIM45	9	1003
TRIM46	0	573
TRIM5	7	565
TRIM54	0	284
TRIM55	3	912
TRIM56	6	1468
TRIM58	5	1013
TRIM59	2	644
TRIM6	5	898
TRIM60	5	756
TRIM61	0	31
TRIM62	1	865
TRIM63	3	690
TRIM65	8	1124
TRIM66	2	75
TRIM67	4	1470
TRIM68	2	905
TRIM69	6	861
TRIM7	11	1146
TRIM71	1	1590
TRIM72	0	529
TRIM8	1	499
TRIM9	2	1071
TRIML1	5	900
TRIML2	4	712
TRIO	2	4168
TRIOBP	0	229
TRIP10	1	651
TRIP11	19	2873
TRIP12	1	2531
TRIP13	0	611
TRIP4	0	998
TRIP6	5	966
TRIQK	0	152
TRIR	0	347
TRIT1	2	770
TRMO	0	147
TRMT1	1	1273
TRMT10A	1	533
TRMT10B	3	541
TRMT10C	2	564
TRMT11	2	803
TRMT13	0	93
TRMT1L	1	874
TRMT2A	3	1353
TRMT44	11	1143
TRMT5	2	805
TRMT6	1	835
TRMT61A	0	363
TRMT61B	3	923
TRMT9B	0	240
TRMU	6	715
TRNAU1AP	1	475
TRNT1	1	419
TROAP	3	1300
TRPA1	10	1898
TRPC1	2	994
TRPC3	3	1409
TRPC4	1	1169
TRPC4AP	1	1348
TRPC6	3	1451
TRPC7	3	1271
TRPM1	17	2948
TRPM2	14	3085
TRPM3	9	2120
TRPM4	9	2494
TRPM5	12	2592
TRPM6	9	3132
TRPM7	2	1428
TRPM8	5	1959
TRPS1	0	1942
TRPV1	8	1561
TRPV2	4	1298
TRPV3	12	1613
TRPV4	8	1460
TRPV5	7	1420
TRPV6	5	1251
TRRAP	0	5124
TRUB1	3	582
TRUB2	3	509
TSACC	3	187
TSBP1	19	702
TSC1	4	1658
TSC2	12	3750
TSC22D1	5	2089
TSC22D2	6	1559
TSC22D4	1	726
TSEN15	3	287
TSEN2	5	961
TSFM	0	23
TSG101	0	566
TSGA10	0	987
TSGA10IP	0	246
TSGA13	1	211
TSHB	1	252
TSHR	4	1305
TSHZ1	8	1898
TSHZ2	4	1831
TSHZ3	4	1860
TSKS	4	1177
TSKU	6	642
TSLIG1	1	65
TSLIG2	2	439
TSLIG3A	3	943
TSLIG3B	0	176
TSLIG3C	5	739
TSLP	0	339
TSN	0	276
TSNARE1	10	1153
TSNAX	1	398
TSNAXIP1	3	1260
TSPAN1	0	27
TSPAN11	2	459
TSPAN12	0	458
TSPAN13	0	337
TSPAN14	0	127
TSPAN15	3	498
TSPAN16	2	402
TSPAN17	1	285
TSPAN18	1	410
TSPAN19	0	69
TSPAN2	1	381
TSPAN3	1	396
TSPAN32	6	712
TSPAN33	0	45
TSPAN4	0	201
TSPAN5	0	320
TSPAN8	5	397
TSPAN9	0	437
TSPEAR	7	1468
TSPO	1	221
TSPOAP1	22	3072
TSPYL1	6	851
TSPYL5	5	853
TSR1	5	628
TSR3	1	771
TSSK1B	4	722
TSSK4	3	493
TST	3	608
TSTD1	0	9
TSTD2	3	409
TTBK1	9	2325
TTBK2	6	1952
TTC1	2	513
TTC12	3	1161
TTC13	0	1058
TTC14	3	1395
TTC16	4	564
TTC17	1	1849
TTC19	1	727
TTC21A	4	1313
TTC21B	12	2236
TTC22	2	678
TTC23	1	664
TTC23L	5	456
TTC24	9	1034
TTC27	4	1552
TTC28	10	3866
TTC29	7	852
TTC3	8	2383
TTC31	9	978
TTC32	1	295
TTC33	1	420
TTC36	1	425
TTC38	9	885
TTC39A	3	845
TTC39B	4	1066
TTC39C	0	766
TTC4	3	585
TTC5	4	751
TTC6	14	1867
TTC7A	11	2008
TTC7B	1	1324
TTC8	3	903
TTC9	2	443
TTC9C	0	173
TTF1	8	1438
TTF2	9	1941
TTI1	5	1757
TTI2	2	548
TTK	3	1290
TTL	1	507
TTLL1	0	684
TTLL10	18	1332
TTLL11	4	1228
TTLL12	8	1416
TTLL13	0	18
TTLL2	11	1069
TTLL3	4	952
TTLL4	9	2032
TTLL5	7	2198
TTLL6	2	211
TTLL7	1	1227
TTLL9	2	155
TTN	177	43098
TTPA	0	510
TTPAL	1	545
TTR	2	230
TTYH1	1	898
TTYH2	8	971
TTYH3	3	1175
TUB	4	1148
TUBA1C	1	136
TUBA3C	4	710
TUBA4A	0	519
TUBA8	2	669
TUBAL3	5	887
TUBB	0	9
TUBB1	7	860
TUBB2A	0	27
TUBB2B	0	81
TUBB3	0	141
TUBB4A	0	133
TUBB4B	0	583
TUBB6	0	176
TUBD1	3	618
TUBE1	0	1
TUBG1	1	445
TUBG2	1	633
TUBGCP2	5	1708
TUBGCP3	0	1357
TUBGCP4	0	962
TUBGCP5	2	833
TUBGCP6	10	3324
TUFM	1	766
TUFT1	2	590
TULP1	4	1069
TULP2	6	975
TULP3	5	868
TULP4	2	1054
TUSC1	3	665
TUSC2	0	177
TUSC3	1	779
TUT1	0	306
TUT4	3	2174
TUT7	0	961
TVP23A	1	164
TVP23C	5	301
TWF1	1	324
TWF2	0	628
TWIST2	0	256
TWNK	0	181
TWSG1	1	348
TXK	3	862
TXLNA	2	838
TXLNB	7	1235
TXN	1	98
TXN2	0	279
TXNDC11	8	2071
TXNDC12	0	146
TXNDC15	1	583
TXNDC16	12	1414
TXNDC2	11	866
TXNDC5	1	610
TXNDC8	3	252
TXNDC9	2	279
TXNIP	5	711
TXNL1	1	397
TXNL4A	0	175
TXNL4B	0	99
TXNRD1	1	1004
TXNRD2	8	1075
TXNRD3	3	612
TYK2	10	2111
TYMP	3	1271
TYMS	1	421
TYR	1	808
TYRO3	4	1076
TYRP1	1	573
TYSND1	8	1214
TYW2	3	710
TYW3	2	277
TYW5	1	340
U2AF2	0	479
U2SURP	0	3
UACA	7	2272
UAP1	6	827
UAP1L1	2	689
UBA2	2	682
UBA3	0	708
UBA5	1	252
UBA52	0	69
UBA6	2	1663
UBA7	2	934
UBAC1	3	801
UBAC2	0	342
UBALD1	0	372
UBAP1	1	712
UBAP2	8	1359
UBAP2L	1	1483
UBASH3A	5	1252
UBASH3B	3	1017
UBC	0	707
UBE2B	0	122
UBE2C	1	96
UBE2D1	0	157
UBE2D2	0	106
UBE2D3	0	82
UBE2D4	1	224
UBE2E1	1	244
UBE2E2	0	138
UBE2E3	0	170
UBE2F	0	218
UBE2G1	0	171
UBE2G2	0	207
UBE2H	0	101
UBE2I	0	170
UBE2J1	1	445
UBE2J2	0	296
UBE2K	0	157
UBE2L3	0	88
UBE2L5	0	196
UBE2L6	0	284
UBE2M	0	113
UBE2N	0	21
UBE2O	3	1725
UBE2Q1	1	422
UBE2Q2	2	658
UBE2QL1	0	202
UBE2R2	0	212
UBE2S	2	358
UBE2T	0	2
UBE2U	3	498
UBE2V1	0	141
UBE2V2	0	135
UBE2W	0	161
UBE2Z	0	481
UBE3B	2	1803
UBE3C	3	1627
UBE3D	0	47
UBE4A	0	1530
UBE4B	6	1560
UBFD1	0	534
UBIAD1	1	288
UBL3	0	168
UBL4B	0	300
UBL5	0	98
UBL7	0	589
UBLCP1	0	434
UBN1	2	2362
UBN2	5	1988
UBOX5	3	907
UBP1	2	682
UBQLN1	1	758
UBQLN4	3	351
UBQLNL	14	863
UBR1	9	2583
UBR2	5	2431
UBR3	2	2217
UBR4	6	6183
UBR5	1	3401
UBR7	2	592
UBTD2	2	361
UBTF	0	907
UBXN1	2	602
UBXN10	1	464
UBXN11	1	127
UBXN2A	0	380
UBXN2B	1	450
UBXN4	1	770
UBXN6	1	353
UBXN7	1	554
UBXN8	4	459
UCHL1	2	383
UCHL3	0	347
UCHL5	0	398
UCK1	0	344
UCK2	0	348
UCKL1	0	1197
UCMA	2	294
UCN2	1	197
UCN3	1	313
UCP1	4	602
UCP2	1	550
UCP3	4	614
UEVLD	1	637
UFC1	0	85
UFD1	1	304
UFL1	0	1370
UFM1	0	117
UFSP2	2	753
UGCG	1	515
UGDH	0	666
UGGT1	3	2437
UGGT2	15	2508
UGP2	0	517
UGT1A1	0	484
UGT1A10	1	1082
UGT1A3	0	484
UGT1A4	0	484
UGT1A5	0	484
UGT1A6	3	963
UGT1A7	0	484
UGT1A8	3	1039
UGT1A9	0	484
UGT2A1	9	978
UGT2A2	4	519
UGT2A3	1	585
UGT2B4	4	1033
UGT2B7	0	8
UGT3A1	3	952
UGT3A2	0	895
UGT8	3	761
UHMK1	0	9
UHRF1	3	677
UHRF2	2	1044
UIMC1	7	1160
ULBP1	1	65
ULBP3	4	415
ULK1	10	2279
ULK2	5	1696
ULK3	1	245
ULK4	18	1921
UMOD	3	1302
UMODL1	4	506
UMPS	3	770
UNC119	0	223
UNC13A	5	1891
UNC13C	9	4026
UNC13D	12	2123
UNC45A	2	1034
UNC45B	12	1803
UNC5A	1	725
UNC5B	11	1863
UNC5C	8	1621
UNC5CL	8	963
UNC5D	2	1416
UNC79	5	3298
UNC80	13	4918
UNC93A	16	953
UNC93B1	2	719
UNG	1	599
UNK	0	65
UNKL	3	898
UPB1	2	755
UPF1	0	1092
UPF2	3	1675
UPF3A	4	563
UPK1A	8	523
UPK1B	2	444
UPK2	3	356
UPK3A	4	585
UPP1	1	563
UPP2	3	603
UQCC1	3	471
UQCC2	1	175
UQCC4	2	317
UQCC5	0	25
UQCC6	1	87
UQCR10	1	149
UQCR11	0	83
UQCRB	0	53
UQCRC1	3	930
UQCRC2	4	766
UQCRFS1	0	104
UQCRH	1	147
UQCRHL	3	167
URB1	11	3153
URB2	7	2629
URGCP	5	1335
URI1	1	769
URM1	0	104
UROC1	6	1347
UROD	1	571
UROS	2	389
USB1	1	500
USE1	2	503
USF2	0	519
USF3	6	3290
USH1C	6	1751
USH1G	0	1
USH2A	52	9550
USHBP1	6	1351
USO1	2	1406
USP1	0	776
USP10	0	669
USP12	0	376
USP13	3	1409
USP14	1	568
USP15	0	1205
USP16	2	1182
USP18	1	95
USP19	3	1475
USP2	3	1039
USP20	6	1633
USP21	4	901
USP22	0	747
USP24	6	3607
USP25	2	1663
USP28	6	1784
USP29	7	1559
USP3	1	737
USP30	1	805
USP31	12	2380
USP32	1	786
USP33	1	1290
USP34	5	5003
USP35	7	1048
USP36	18	2205
USP37	4	1189
USP38	2	1657
USP39	0	690
USP4	4	1549
USP40	9	2104
USP42	13	3166
USP43	5	1947
USP44	5	1123
USP45	6	1278
USP46	0	425
USP47	3	1330
USP48	2	1262
USP49	2	1122
USP5	1	1053
USP50	0	72
USP53	5	1248
USP54	10	2549
USP6NL	3	1633
USP7	0	1311
USP8	6	1391
USPL1	9	1738
UST	4	711
UTP11	1	428
UTP15	1	456
UTP18	1	1087
UTP20	16	4437
UTP23	3	186
UTP25	3	772
UTP3	2	744
UTP4	2	1042
UTP6	6	928
UTRN	15	5703
UTS2	3	238
UTS2B	1	221
UTS2R	2	1019
UVRAG	5	1093
UVSSA	5	1699
UXS1	0	695
VAC14	2	1371
VAMP1	0	1
VAMP2	0	162
VAMP3	0	185
VAMP4	0	194
VAMP8	0	160
VANGL1	4	954
VANGL2	0	850
VAPA	3	466
VAPB	0	3
VARS1	1	477
VARS2	8	1206
VASH1	0	743
VASH2	0	6
VASP	1	695
VAT1	0	387
VAT1L	0	912
VAV1	2	1148
VAV2	4	1532
VAV3	1	247
VAX1	0	356
VAX2	4	681
VCAM1	4	1192
VCAN	19	5295
VCF1	0	33
VCL	3	1603
VCP	0	751
VCPIP1	1	1629
VDAC1	0	348
VDAC2	0	354
VDAC3	2	376
VDR	0	864
VEGFA	0	221
VEGFB	1	154
VEGFC	1	150
VENTX	2	242
VEPH1	9	1346
VEZF1	0	170
VEZT	0	13
VGF	3	1264
VGLL2	0	734
VGLL3	2	622
VGLL4	1	632
VHL	1	512
VIL1	10	1448
VILL	1	1609
VIM	0	818
VIP	0	300
VIPAS39	2	590
VIPR1	5	960
VIPR2	1	848
VIRMA	4	2547
VIT	6	1540
VKORC1	1	162
VKORC1L1	0	92
VLDLR	3	1180
VMA12	3	459
VMA22	1	388
VMAC	2	195
VMP1	0	463
VN1R1	2	572
VN1R2	4	608
VNN1	7	917
VNN2	6	937
VOPP1	0	164
VPREB1	3	288
VPREB3	2	259
VPS11	0	1
VPS13A	14	4638
VPS13B	20	6158
VPS13C	23	6744
VPS13D	9	5379
VPS16	0	22
VPS18	4	1730
VPS25	1	182
VPS26A	1	414
VPS26B	0	522
VPS26C	0	477
VPS28	0	453
VPS29	0	203
VPS33A	1	977
VPS33B	4	1095
VPS35	0	343
VPS35L	1	1465
VPS36	0	468
VPS37A	1	834
VPS37B	0	227
VPS39	1	1245
VPS41	5	1238
VPS45	1	646
VPS4A	1	745
VPS4B	2	581
VPS50	3	1402
VPS51	0	225
VPS52	0	382
VPS53	4	1377
VPS54	4	1518
VPS72	0	260
VPS8	11	2270
VPS9D1	3	1290
VRK1	1	599
VRK2	3	776
VRK3	8	862
VRTN	3	1142
VSIG10	7	936
VSIG10L	5	646
VSIG8	4	862
VSNL1	0	201
VSTM1	2	465
VSTM2A	0	499
VSTM2B	3	665
VSTM2L	4	283
VSTM4	3	674
VSTM5	2	99
VSX1	6	557
VSX2	1	784
VTA1	1	387
VTCN1	3	271
VTI1A	0	322
VTI1B	0	89
VTN	2	886
VWA2	0	20
VWA3A	5	1140
VWA3B	0	48
VWA5A	6	1411
VWA5B2	5	1918
VWA7	7	934
VWA8	11	3421
VWC2	4	692
VWC2L	1	319
VWCE	0	317
VWDE	41	3287
VWF	20	3413
VXN	1	374
WAC	0	4
WAPL	2	1507
WARS1	1	589
WARS2	3	648
WASF1	1	573
WASF2	2	343
WASF3	3	847
WASHC3	0	319
WASHC4	0	377
WASHC5	2	1746
WASL	0	753
WBP11	2	650
WBP1L	2	546
WBP2	0	180
WBP2NL	4	560
WBP4	0	571
WDCP	3	1128
WDFY1	0	712
WDFY2	2	669
WDFY3	3	4663
WDFY4	27	5694
WDHD1	8	1891
WDPCP	5	1177
WDR1	1	896
WDR11	2	1903
WDR12	2	680
WDR17	16	2221
WDR18	5	1015
WDR19	4	2097
WDR20	0	187
WDR24	0	209
WDR25	8	936
WDR26	0	980
WDR27	14	1465
WDR3	3	836
WDR31	3	585
WDR33	2	1319
WDR35	10	1847
WDR36	2	523
WDR37	2	756
WDR4	3	936
WDR41	4	719
WDR43	0	774
WDR45B	2	432
WDR46	0	387
WDR47	2	1160
WDR48	1	861
WDR49	8	1056
WDR5	0	347
WDR53	1	556
WDR55	3	309
WDR59	4	1722
WDR5B	1	322
WDR62	14	2756
WDR64	8	1787
WDR7	1	2215
WDR70	0	778
WDR72	6	1980
WDR74	0	686
WDR75	1	1318
WDR76	4	1117
WDR77	0	619
WDR81	6	1709
WDR82	0	320
WDR86	5	846
WDR87	22	4188
WDR88	3	664
WDR89	0	551
WDR90	23	4315
WDR91	2	1257
WDR93	7	1113
WDSUB1	3	529
WDTC1	1	863
WEE1	0	522
WEE2	1	491
WFDC1	5	623
WFDC10B	1	146
WFDC11	1	152
WFDC12	0	212
WFDC13	1	152
WFDC2	0	168
WFDC3	5	395
WFDC5	2	235
WFDC8	4	427
WFDC9	2	135
WFIKKN2	5	1154
WFS1	17	2757
WHAMM	6	518
WHR1	0	182
WHRN	8	1056
WIF1	0	677
WIPF1	2	884
WIPF2	1	812
WIPF3	4	1002
WIPI1	1	694
WIPI2	2	831
WIZ	0	303
WLS	1	979
WNK1	14	3291
WNK2	13	4386
WNK4	12	2311
WNT1	1	708
WNT10A	5	914
WNT10B	2	709
WNT11	0	687
WNT16	3	671
WNT2	2	557
WNT2B	0	497
WNT3	0	488
WNT3A	0	614
WNT4	0	598
WNT5A	0	650
WNT5B	0	658
WNT6	0	706
WNT7A	0	630
WNT7B	0	692
WNT8A	1	571
WNT8B	1	631
WNT9A	1	716
WNT9B	3	681
WRAP73	4	933
WRN	13	2332
WRNIP1	1	598
WSB1	1	700
WSB2	3	534
WSCD1	5	1200
WSCD2	2	956
WT1	0	881
WTAP	1	391
WWC1	6	1820
WWC2	7	2060
WWOX	4	779
WWP1	1	1184
WWP2	1	1493
WWTR1	3	686
XAB2	1	370
XAF1	5	482
XBP1	2	465
XCR1	1	555
XDH	12	2711
XIRP1	23	3501
XIRP2	11	1699
XKR3	5	699
XKR4	0	1112
XKR5	7	1504
XKR6	0	1400
XKR7	2	1020
XKR8	1	187
XKR9	8	760
XPA	0	517
XPC	9	1682
XPNPEP1	1	986
XPNPEP3	1	798
XPO1	0	948
XPO4	2	1405
XPO5	3	1700
XPO6	2	1520
XPO7	0	1440
XPOT	2	1222
XPR1	0	821
XRCC1	8	1057
XRCC2	1	452
XRCC4	3	506
XRCC5	1	911
XRCC6	0	685
XRN1	5	2474
XRN2	2	1355
XRRA1	5	528
XTBD1	0	161
XXYLT1	2	824
XYLB	9	1024
XYLT1	8	1845
XYLT2	7	1463
YAE1	4	392
YAF2	0	250
YAP1	0	814
YARS1	1	705
YARS2	3	878
YBEY	0	86
YBX1	0	387
YBX2	3	623
YBX3	5	738
YDJC	2	729
YEATS2	8	2238
YEATS4	0	245
YES1	2	657
YIPF1	1	515
YIPF2	1	635
YIPF4	2	420
YIPF5	3	397
YIPF7	1	351
YJU2	1	555
YJU2B	2	348
YKT6	0	292
YLPM1	6	3704
YME1L1	1	894
YOD1	1	622
YPEL1	0	44
YPEL2	0	127
YPEL4	0	198
YPEL5	0	131
YTHDC1	1	908
YTHDC2	7	2389
YTHDF1	0	110
YTHDF2	0	233
YTHDF3	0	77
YWHAB	0	194
YWHAE	0	247
YWHAG	0	315
YWHAH	0	317
YWHAQ	0	332
YWHAZ	0	150
YY1	1	533
YY1AP1	6	1174
ZAN	49	4814
ZAP70	1	1107
ZAR1L	1	611
ZBBX	13	1498
ZBED11	4	1033
ZBED4	5	2061
ZBED8	3	944
ZBED8L	1	772
ZBP1	10	842
ZBTB1	2	766
ZBTB10	3	830
ZBTB11	3	1701
ZBTB14	0	568
ZBTB16	1	1005
ZBTB17	0	1254
ZBTB18	0	716
ZBTB2	1	646
ZBTB20	3	963
ZBTB21	5	1801
ZBTB24	4	1065
ZBTB25	4	677
ZBTB26	0	478
ZBTB3	1	875
ZBTB32	4	906
ZBTB34	0	692
ZBTB35	0	406
ZBTB37	1	767
ZBTB38	6	1620
ZBTB39	3	863
ZBTB4	5	1226
ZBTB40	6	1696
ZBTB41	3	1216
ZBTB42	4	801
ZBTB43	1	602
ZBTB44	2	737
ZBTB46	2	1089
ZBTB47	3	1161
ZBTB48	1	566
ZBTB49	8	1370
ZBTB5	2	1042
ZBTB7A	2	1089
ZBTB7B	2	772
ZBTB7C	6	1180
ZBTB8A	0	462
ZBTB8B	0	697
ZC2HC1A	3	561
ZC2HC1B	1	376
ZC2HC1C	4	647
ZC3H10	1	600
ZC3H11A	0	656
ZC3H11D	5	698
ZC3H12A	4	966
ZC3H12C	2	1256
ZC3H12D	7	1104
ZC3H13	8	2453
ZC3H14	1	1153
ZC3H15	2	543
ZC3H18	4	1980
ZC3H3	22	1979
ZC3H4	4	2576
ZC3H6	2	1756
ZC3H7A	5	1451
ZC3H7B	4	1570
ZC3H8	0	409
ZC3HAV1	8	1443
ZC3HAV1L	1	589
ZC3HC1	5	751
ZCCHC10	0	135
ZCCHC14	5	1826
ZCCHC17	0	332
ZCCHC2	3	2108
ZCCHC24	1	237
ZCCHC4	11	880
ZCCHC7	2	614
ZCCHC8	3	718
ZCCHC9	1	394
ZCRB1	1	230
ZCWPW1	5	575
ZCWPW2	3	635
ZDBF2	20	3700
ZDHHC1	2	532
ZDHHC11	1	80
ZDHHC13	3	834
ZDHHC14	1	394
ZDHHC16	0	229
ZDHHC17	1	907
ZDHHC18	2	452
ZDHHC19	7	582
ZDHHC2	2	749
ZDHHC20	1	518
ZDHHC21	1	508
ZDHHC22	0	474
ZDHHC23	2	663
ZDHHC24	1	572
ZDHHC3	3	455
ZDHHC4	2	695
ZDHHC5	3	1090
ZDHHC6	2	428
ZDHHC7	1	592
ZDHHC8	1	358
ZEB1	5	1525
ZEB2	4	1275
ZER1	0	1015
ZFAND1	0	503
ZFAND2A	1	352
ZFAND3	1	375
ZFAND4	6	970
ZFAND5	0	236
ZFAND6	0	314
ZFAT	8	2206
ZFC3H1	4	2450
ZFHX2	8	3172
ZFHX3	27	6984
ZFHX4	10	4211
ZFP1	0	822
ZFP14	3	656
ZFP2	2	739
ZFP28	5	1398
ZFP3	2	733
ZFP30	2	776
ZFP36L1	0	537
ZFP36L2	3	1616
ZFP37	4	997
ZFP41	2	441
ZFP42	1	640
ZFP57	12	792
ZFP62	3	1504
ZFP64	3	1439
ZFP69	3	796
ZFP69B	7	853
ZFP82	0	727
ZFP90	2	1006
ZFP91	4	976
ZFPM2	11	1873
ZFR	2	1278
ZFR2	10	2197
ZFYVE1	2	966
ZFYVE16	7	2498
ZFYVE19	3	263
ZFYVE21	1	279
ZFYVE26	21	4182
ZFYVE27	3	649
ZFYVE28	9	1994
ZFYVE9	7	1981
ZG16	4	278
ZG16B	3	351
ZGPAT	1	443
ZGRF1	4	995
ZHX1	1	1142
ZHX2	4	1386
ZHX3	3	1491
ZIC1	1	755
ZIC2	0	839
ZIC4	3	755
ZIK1	0	54
ZIM2	11	972
ZIM3	2	119
ZKSCAN1	2	813
ZKSCAN2	10	1658
ZKSCAN3	6	752
ZKSCAN4	2	811
ZKSCAN5	1	1286
ZKSCAN7	5	1187
ZKSCAN8	4	848
ZMAT2	0	98
ZMAT3	0	470
ZMAT4	1	382
ZMAT5	0	206
ZMIZ1	0	1706
ZMIZ2	2	1465
ZMPSTE24	0	727
ZMYM1	5	1651
ZMYM2	1	779
ZMYM4	3	1919
ZMYM5	5	591
ZMYM6	4	1678
ZMYND10	4	694
ZMYND11	0	637
ZMYND12	3	543
ZMYND15	3	1365
ZMYND19	0	244
ZMYND8	4	1611
ZNF10	1	866
ZNF100	1	70
ZNF101	0	94
ZNF106	8	2996
ZNF107	5	1236
ZNF112	7	1346
ZNF114	2	675
ZNF12	4	1002
ZNF121	1	551
ZNF124	1	495
ZNF132	2	1221
ZNF133	4	989
ZNF134	3	749
ZNF135	1	102
ZNF136	0	817
ZNF138	6	542
ZNF14	1	1010
ZNF140	0	153
ZNF141	3	642
ZNF142	10	2962
ZNF143	3	951
ZNF148	0	925
ZNF154	5	712
ZNF155	5	869
ZNF16	3	1190
ZNF160	2	268
ZNF165	2	707
ZNF169	2	146
ZNF17	3	1036
ZNF174	1	734
ZNF175	5	1081
ZNF177	4	593
ZNF18	5	819
ZNF180	6	1181
ZNF184	4	966
ZNF189	2	910
ZNF19	2	785
ZNF195	3	795
ZNF2	0	690
ZNF20	3	743
ZNF200	3	836
ZNF202	3	976
ZNF205	5	1261
ZNF207	1	506
ZNF208	6	919
ZNF211	2	977
ZNF212	7	842
ZNF213	1	976
ZNF214	9	998
ZNF215	11	967
ZNF217	11	1826
ZNF22	1	374
ZNF221	11	960
ZNF222	6	629
ZNF223	6	679
ZNF224	6	1094
ZNF225	6	1094
ZNF226	2	185
ZNF227	2	1293
ZNF229	0	4
ZNF23	2	1051
ZNF230	8	754
ZNF232	1	760
ZNF233	5	1004
ZNF234	8	1029
ZNF235	7	1150
ZNF236	8	2779
ZNF239	3	754
ZNF24	1	444
ZNF248	3	912
ZNF25	1	709
ZNF250	0	758
ZNF251	1	1105
ZNF253	3	599
ZNF254	8	1398
ZNF256	3	970
ZNF257	0	6
ZNF26	0	783
ZNF260	1	647
ZNF263	1	1283
ZNF264	3	1112
ZNF266	3	986
ZNF267	5	1210
ZNF268	10	1761
ZNF273	0	75
ZNF274	6	930
ZNF276	6	1445
ZNF277	2	749
ZNF280A	11	931
ZNF280B	4	859
ZNF280D	4	1543
ZNF281	1	1385
ZNF282	0	221
ZNF283	5	943
ZNF284	4	948
ZNF287	1	972
ZNF292	11	4186
ZNF3	0	31
ZNF30	11	1013
ZNF300	2	394
ZNF304	5	984
ZNF311	3	1031
ZNF317	2	1041
ZNF318	7	3681
ZNF32	0	369
ZNF320	3	745
ZNF324	2	1223
ZNF324B	2	1000
ZNF326	0	846
ZNF329	2	921
ZNF331	2	647
ZNF333	6	1076
ZNF334	4	1127
ZNF335	5	2745
ZNF337	5	1294
ZNF34	1	850
ZNF341	3	1108
ZNF343	4	962
ZNF345	1	150
ZNF346	1	502
ZNF347	4	1425
ZNF350	7	772
ZNF354A	1	122
ZNF354B	1	145
ZNF354C	7	849
ZNF362	1	636
ZNF365	2	708
ZNF366	7	1449
ZNF367	1	480
ZNF382	5	780
ZNF383	0	680
ZNF384	1	733
ZNF385A	0	658
ZNF385B	2	770
ZNF385C	1	378
ZNF385D	2	715
ZNF391	2	526
ZNF394	2	693
ZNF395	1	889
ZNF396	1	449
ZNF397	1	447
ZNF398	1	740
ZNF404	8	796
ZNF407	7	3890
ZNF408	2	1367
ZNF410	0	533
ZNF415	8	876
ZNF416	3	980
ZNF418	2	1159
ZNF420	1	785
ZNF423	4	2065
ZNF425	4	1389
ZNF426	2	983
ZNF428	1	322
ZNF429	10	1194
ZNF43	5	1276
ZNF430	2	825
ZNF431	3	854
ZNF432	4	1098
ZNF433	3	1070
ZNF436	0	752
ZNF438	6	1398
ZNF439	8	748
ZNF44	0	102
ZNF440	9	1020
ZNF441	4	1008
ZNF442	11	965
ZNF444	4	793
ZNF445	6	1539
ZNF446	0	32
ZNF45	7	1029
ZNF451	3	1497
ZNF454	2	750
ZNF460	1	764
ZNF461	0	567
ZNF462	7	3762
ZNF467	7	1474
ZNF469	62	8831
ZNF470	5	1301
ZNF471	7	945
ZNF473	14	1299
ZNF474	11	729
ZNF475	3	236
ZNF48	4	1052
ZNF480	2	798
ZNF483	0	1020
ZNF484	4	1102
ZNF485	2	718
ZNF486	6	1013
ZNF488	6	664
ZNF490	2	799
ZNF491	5	736
ZNF493	7	1100
ZNF496	1	1022
ZNF500	3	1264
ZNF501	3	480
ZNF502	5	801
ZNF503	2	1581
ZNF506	0	133
ZNF507	2	1580
ZNF510	10	1050
ZNF512	0	633
ZNF512B	4	1400
ZNF514	2	666
ZNF516	8	2597
ZNF517	5	1224
ZNF518A	9	2473
ZNF518B	11	2039
ZNF519	0	2
ZNF521	3	1893
ZNF526	2	432
ZNF527	0	68
ZNF528	5	1187
ZNF529	1	713
ZNF530	8	954
ZNF532	1	557
ZNF534	5	380
ZNF536	7	2378
ZNF540	1	932
ZNF541	7	1424
ZNF543	9	1104
ZNF544	9	1285
ZNF546	7	1286
ZNF547	2	653
ZNF548	5	852
ZNF549	6	1049
ZNF550	4	760
ZNF551	4	1117
ZNF552	0	76
ZNF554	3	964
ZNF555	0	1078
ZNF556	7	907
ZNF557	1	739
ZNF558	2	648
ZNF559	2	175
ZNF560	4	1324
ZNF561	1	148
ZNF563	3	749
ZNF564	1	878
ZNF565	3	754
ZNF566	3	599
ZNF567	2	850
ZNF568	14	1507
ZNF569	0	946
ZNF57	7	979
ZNF570	1	791
ZNF571	9	1017
ZNF572	6	804
ZNF573	6	1032
ZNF574	3	1762
ZNF575	0	514
ZNF576	2	291
ZNF577	9	805
ZNF581	0	388
ZNF582	1	829
ZNF583	0	744
ZNF584	3	719
ZNF585A	0	156
ZNF585B	0	47
ZNF586	3	565
ZNF587B	1	28
ZNF589	3	599
ZNF592	3	1850
ZNF593	1	281
ZNF594	3	520
ZNF595	3	835
ZNF596	5	1175
ZNF597	3	822
ZNF599	9	978
ZNF605	0	3
ZNF606	2	509
ZNF607	8	1185
ZNF608	5	2471
ZNF609	2	2232
ZNF610	8	768
ZNF613	3	923
ZNF614	0	8
ZNF615	6	1149
ZNF616	0	66
ZNF618	1	1469
ZNF619	1	893
ZNF620	3	670
ZNF621	1	224
ZNF622	0	814
ZNF623	2	826
ZNF624	2	1204
ZNF625	0	71
ZNF626	1	134
ZNF627	0	719
ZNF629	3	1376
ZNF638	6	3360
ZNF639	2	679
ZNF641	1	686
ZNF644	6	1909
ZNF648	4	1301
ZNF649	0	121
ZNF652	1	429
ZNF653	3	990
ZNF655	0	74
ZNF660	0	514
ZNF662	4	859
ZNF664	2	326
ZNF665	8	1129
ZNF667	6	912
ZNF668	2	1196
ZNF669	6	894
ZNF670	0	604
ZNF671	3	928
ZNF672	1	1129
ZNF675	3	910
ZNF677	4	962
ZNF678	3	863
ZNF679	0	27
ZNF680	2	771
ZNF681	6	1012
ZNF682	3	731
ZNF683	4	923
ZNF684	0	110
ZNF687	5	2121
ZNF688	1	558
ZNF689	0	868
ZNF69	2	233
ZNF691	0	472
ZNF692	1	688
ZNF695	7	801
ZNF696	1	1015
ZNF697	2	1316
ZNF699	0	960
ZNF7	1	161
ZNF70	1	750
ZNF700	7	1194
ZNF701	6	834
ZNF703	1	1223
ZNF704	1	620
ZNF706	0	60
ZNF707	3	786
ZNF708	9	794
ZNF709	2	828
ZNF71	3	1001
ZNF710	5	1129
ZNF713	0	41
ZNF714	0	69
ZNF716	0	26
ZNF721	12	1633
ZNF726	0	187
ZNF729	1	64
ZNF730	5	829
ZNF732	9	990
ZNF737	5	900
ZNF74	1	362
ZNF740	0	46
ZNF746	0	989
ZNF747	2	420
ZNF749	6	1264
ZNF750	7	1341
ZNF76	2	266
ZNF763	7	627
ZNF764	5	1005
ZNF766	4	632
ZNF77	8	1060
ZNF772	5	753
ZNF774	6	850
ZNF775	2	1247
ZNF776	0	800
ZNF777	6	1394
ZNF778	15	1697
ZNF780A	9	961
ZNF780B	9	1123
ZNF782	0	3
ZNF783	3	519
ZNF784	2	762
ZNF785	3	834
ZNF786	2	1624
ZNF789	3	661
ZNF79	3	903
ZNF790	5	1022
ZNF791	0	799
ZNF792	5	1051
ZNF793	4	651
ZNF8	0	1
ZNF80	6	565
ZNF800	2	906
ZNF804A	13	2061
ZNF804B	17	2399
ZNF805	3	727
ZNF814	0	57
ZNF816	0	68
ZNF821	1	610
ZNF823	3	853
ZNF827	0	1613
ZNF829	1	537
ZNF83	9	801
ZNF831	13	3260
ZNF835	6	1175
ZNF836	0	7
ZNF837	7	1366
ZNF839	3	914
ZNF84	3	1250
ZNF841	5	1497
ZNF843	1	699
ZNF844	13	1099
ZNF845	7	1482
ZNF846	6	998
ZNF85	9	904
ZNF853	8	1173
ZNF860	6	671
ZNF862	7	2185
ZNF865	0	1328
ZNF875	7	1173
ZNF878	0	1
ZNF879	3	897
ZNF880	9	848
ZNF888	0	2
ZNF891	0	111
ZNF90	6	1052
ZNF91	12	1745
ZNF92	4	863
ZNF93	6	844
ZNF98	0	9
ZNFX1	12	2618
ZNHIT1	0	259
ZNHIT3	0	1
ZNHIT6	2	769
ZNRD2	1	186
ZNRF1	2	476
ZNRF3	5	1776
ZNRF4	10	894
ZP1	5	1164
ZP2	0	8
ZP3	3	397
ZP4	7	1146
ZPBP	3	618
ZPBP2	5	500
ZPLD1	4	768
ZPR1	6	769
ZRANB1	0	629
ZRANB2	1	457
ZRANB3	8	1763
ZSCAN1	3	857
ZSCAN10	3	1731
ZSCAN12	4	831
ZSCAN16	2	497
ZSCAN18	3	1150
ZSCAN2	0	265
ZSCAN20	6	1627
ZSCAN21	2	853
ZSCAN22	3	862
ZSCAN23	0	549
ZSCAN25	2	805
ZSCAN26	1	270
ZSCAN29	2	769
ZSCAN30	3	371
ZSCAN31	6	625
ZSCAN32	2	961
ZSCAN4	0	214
ZSCAN5A	4	881
ZSCAN5B	8	479
ZSCAN9	0	664
ZSWIM2	10	1096
ZSWIM3	2	970
ZSWIM4	6	1827
ZSWIM5	5	1329
ZSWIM6	2	1625
ZSWIM7	0	135
ZSWIM8	1	1410
ZUP1	0	574
ZW10	1	1200
ZWILCH	6	1024
ZWINT	2	316
ZXDC	5	1586
ZYG11A	5	1155
ZYG11B	0	902
ZYX	2	716
ZZEF1	12	4900
ZZZ3	0	552
